时间戳,秒数(s),上身最大压强(kPa),上身最大压强坐标,上身平均压强(kPa),上身受力面积(cm²),上身压强数据(kPa),上身点数,上身压力总和(N),上身对称系数,上身平均梯度（N/cm³）,上身最大梯度（N/cm³）
1785909055045,0.000,0.9,"(11, 8)",0.4,659.375,"[0,0,0,0.4,0.3,0.3,0.2,0,0,0,0,0,0.2,0.3,0.3,0.4,0.4,0.5,0.6,0.7,0.7,0,0,0,0,0,0,0.2,0.2,0.2,0.1,0,0,0,0,0,0.1,0.2,0.2,0.2,0.3,0.4,0.5,0.6,0.6,0,0,0,0,0,0,0,0,0,0,0,0,0,0,0,0,0,0,0,0.2,0.4,0.5,0.6,0.6,0,0,0,0,0,0,0,0,0,0,0,0,0,0,0,0,0,0,0,0.2,0.4,0.4,0.5,0.5,0,0,0,0,0,0,0,0,0,0,0,0,0,0,0,0,0,0,0,0.2,0.3,0.4,0.4,0.4,0,0,0,0,0,0,0,0,0,0,0,0,0,0,0,0,0,0,0,0.1,0.2,0.3,0.4,0.4,0,0,0,0,0,0,0,0,0,0,0,0,0,0,0,0,0,0,0,0,0,0.2,0.3,0.3,0,0,0,0,0,0,0.2,0.2,0.2,0.2,0.2,0.2,0.2,0.2,0.2,0.1,0,0,0,0,0,0.2,0.4,0.4,0,0,0,0,0,0,0.4,0.4,0.5,0.5,0.4,0.4,0.4,0.4,0.3,0.2,0,0,0,0,0,0.2,0.4,0.4,0,0,0,0,0,0,0.5,0.6,0.6,0.6,0.6,0.6,0.5,0.5,0.4,0.3,0.2,0.2,0.2,0.2,0.2,0.3,0.4,0.4,0,0,0,0,0,0,0.2,0.4,0.5,0.6,0.7,0.8,0.8,0.8,0.7,0.7,0.6,0.6,0.5,0.4,0.4,0.4,0.4,0.4,0.4,0.5,0.5,0,0.1,0.2,0.3,0.4,0.6,0.7,0.8,0.9,0.9,0.9,0.8,0.7,0.7,0.6,0.5,0.5,0.4,0.4,0.4,0.4,0.4,0.5,0.5,0,0.2,0.3,0.4,0.5,0.6,0.7,0.8,0.9,0.9,0.9,0.8,0.8,0.7,0.6,0.6,0.5,0.4,0.4,0.4,0.4,0.4,0.4,0.4,0.2,0.2,0.3,0.4,0.4,0.5,0.6,0.7,0.8,0.8,0.8,0.7,0.7,0.6,0.6,0.5,0.4,0.3,0.2,0.2,0.2,0.2,0.2,0.2,0.3,0.3,0.3,0.3,0.4,0.4,0.5,0.6,0.6,0.7,0.7,0.6,0.6,0.6,0.5,0.4,0.4,0.2,0,0,0,0,0,0,0.4,0.3,0.3,0.3,0.2,0.3,0.4,0.5,0.5,0.5,0.5,0.5,0.5,0.5,0.4,0.4,0.4,0.2,0,0,0,0,0,0,0.4,0.4,0.3,0.2,0,0.2,0.3,0.3,0.4,0.4,0.4,0.4,0.4,0.4,0.4,0.3,0.3,0.2,0,0,0,0,0,0,0.4,0.4,0.4,0.3,0.2,0.2,0.2,0.2,0.2,0.2,0.2,0.2,0.2,0.2,0.2,0.3,0.3,0.3,0.2,0.1,0,0,0,0,0.4,0.4,0.4,0.3,0.3,0.2,0,0,0,0,0,0,0,0,0,0.2,0.3,0.3,0.3,0.2,0,0,0,0,0.2,0.2,0.2,0.2,0.2,0.1,0,0,0,0,0,0,0,0,0,0.2,0.3,0.3,0.3,0.2,0,0,0,0,0,0,0,0,0,0,0,0,0,0,0,0,0,0,0,0.2,0.3,0.3,0.3,0.2,0,0,0,0,0,0,0,0,0,0,0,0,0,0,0,0,0,0,0,0.2,0.3,0.3,0.2,0.1,0,0,0,0,0,0,0,0,0,0,0,0,0,0,0,0,0,0,0,0.2,0.3,0.2,0,0,0,0,0,0,0,0,0,0,0,0,0,0,0,0,0,0,0,0,0,0.1,0.2,0.1,0,0,0,0,0,0,0,0,0,0,0,0,0,0,0,0,0,0,0,0,0,0,0,0,0,0,0,0,0,0,0,0,0,0,0,0,0,0,0,0,0,0,0,0,0,0,0,0,0,0,0,0,0,0,0,0,0,0,0,0,0,0,0,0,0,0,0,0,0,0,0,0,0,0,0,0,0,0,0,0,0,0,0,0,0,0,0,0,0,0,0,0,0,0,0,0,0,0,0,0,0,0,0,0,0,0,0,0,0,0,0,0,0,0,0,0,0,0,0,0,0,0,0,0,0,0,0,0,0,0,0,0,0,0,0,0,0,0,0,0,0,0,0,0,0,0,0,0,0,0,0,0,0,0,0,0,0,0,0,0,0,0,0,0,0,0,0,0,0,0,0,0,0,0,0,0,0,0,0,0,0,0,0,0,0,0,0,0,0,0,0,0,0,0,0,0,0,0,0,0,0,0,0,0,0,0,0,0,0,0,0,0,0,0,0,0,0,0,0,0,0,0,0,0,0,0,0,0,0,0,0,0,0,0,0,0,0,0,0,0,0,0,0,0,0,0,0,0,0,0,0,0,0,0,0,0,0,0,0,0,0,0,0,0,0,0,0,0,0,0,0,0,0,0,0,0,0,0,0,0,0,0,0,0,0,0,0,0,0,0,0,0,0,0,0,0,0,0,0,0,0,0,0,0,0,0,0,0,0,0,0,0,0,0,0,0,0,0,0,0,0,0,0,0,0,0,0,0,0,0,0,0,0,0,0,0,0,0,0,0,0,0,0,0,0,0,0,0,0,0,0,0,0,0,0,0,0,0,0,0,0,0,0,0,0,0,0,0,0,0,0,0,0,0,0,0,0,0,0,0,0,0,0,0,0,0,0,0,0,0,0,0,0,0,0,0,0,0,0,0,0,0,0,0,0,0,0,0,0,0,0,0,0,0,0,0,0,0,0,0,0,0,0,0,0,0,0,0,0,0,0,0,0,0,0,0.1,0.2,0.2,0,0,0,0,0,0,0,0,0,0,0,0,0,0,0,0,0,0,0,0,0,0.2,0.3,0.3,0.2,0.2,0.2,0.1,0,0,0,0,0,0,0,0,0,0,0,0,0,0,0,0,0,0.2,0.3,0.3,0.4,0.4,0.3,0.2,0,0,0,0,0,0,0,0,0,0,0,0,0,0,0,0,0,0.2,0.3,0.3,0.5,0.4,0.4,0.2,0,0,0,0,0,0,0,0,0,0,0,0,0,0,0,0,0,0.2,0.3,0.3,0.6,0.5,0.4,0.2,0,0,0,0,0,0,0,0,0,0,0,0,0,0,0,0,0,0.2,0.3,0.3,0.5,0.5,0.4,0.3,0.2,0.1,0,0,0,0,0,0,0,0,0,0,0,0,0,0,0,0.2,0.3,0.3,0.5,0.5,0.4,0.4,0.3,0.2,0,0,0,0,0,0,0,0,0,0,0,0,0,0,0,0.2,0.4,0.4,0.5,0.4,0.4,0.4,0.3,0.3,0.2,0.2,0.2,0.2,0.2,0.1,0,0,0,0,0,0,0,0,0,0.2,0.3,0.3,0.4,0.4,0.4,0.4,0.4,0.4,0.4,0.4,0.4,0.4,0.4,0.2,0,0,0,0,0,0,0,0,0,0.2,0.3,0.3,0.4,0.4,0.4,0.4,0.4,0.4,0.4,0.5,0.5,0.4,0.4,0.3,0.2,0.1,0,0,0,0,0,0,0,0.1,0.2,0.2,0.4,0.4,0.3,0.4,0.4,0.4,0.5,0.5,0.5,0.5,0.4,0.4,0.3,0.2,0,0,0,0,0,0,0,0,0,0,0.4,0.4,0.3,0.4,0.4,0.4,0.5,0.5,0.5,0.5,0.4,0.4,0.3,0.2,0,0,0,0,0,0,0,0,0,0]",422,28.3,38.08%,0.0100,0.0253
1785909055127,0.082,0.9,"(11, 8)",0.4,653.125,"[0,0,0,0.3,0.2,0,0,0,0,0,0,0,0.2,0.3,0.3,0.4,0.4,0.5,0.5,0.6,0.6,0,0,0,0,0,0,0.2,0.1,0,0,0,0,0,0,0,0.1,0.2,0.2,0.2,0.3,0.4,0.5,0.6,0.6,0,0,0,0,0,0,0,0,0,0,0,0,0,0,0,0,0,0,0,0.2,0.4,0.5,0.6,0.6,0,0,0,0,0,0,0,0,0,0,0,0,0,0,0,0,0,0,0,0.2,0.4,0.4,0.5,0.5,0,0,0,0,0,0,0,0,0,0,0,0,0,0,0,0,0,0,0,0.2,0.3,0.4,0.4,0.4,0,0,0,0,0,0,0,0,0,0,0,0,0,0,0,0,0,0,0,0.1,0.2,0.3,0.4,0.4,0,0,0,0,0,0,0,0,0,0,0,0,0,0,0,0,0,0,0,0,0,0.2,0.3,0.3,0,0,0,0,0,0,0.2,0.2,0.2,0.2,0.2,0.2,0.2,0.2,0.2,0.1,0,0,0,0,0,0.2,0.4,0.4,0,0,0,0,0,0,0.4,0.4,0.5,0.5,0.4,0.4,0.4,0.4,0.3,0.2,0,0,0,0,0,0.2,0.4,0.4,0,0,0,0,0,0,0.5,0.6,0.6,0.6,0.6,0.6,0.5,0.5,0.4,0.3,0.2,0.2,0.2,0.2,0.2,0.3,0.4,0.4,0,0,0,0,0,0,0.2,0.4,0.5,0.7,0.7,0.8,0.8,0.8,0.8,0.7,0.6,0.6,0.5,0.4,0.4,0.4,0.4,0.4,0.4,0.5,0.5,0,0.1,0.2,0.3,0.4,0.6,0.7,0.8,0.9,0.9,0.9,0.8,0.7,0.7,0.6,0.5,0.5,0.4,0.4,0.4,0.4,0.4,0.4,0.4,0,0.2,0.3,0.4,0.5,0.6,0.7,0.8,0.9,0.9,0.9,0.8,0.8,0.7,0.6,0.6,0.5,0.4,0.4,0.4,0.4,0.4,0.4,0.4,0.2,0.2,0.3,0.4,0.4,0.5,0.6,0.7,0.8,0.8,0.8,0.7,0.7,0.6,0.6,0.5,0.4,0.3,0.2,0.2,0.2,0.2,0.2,0.2,0.3,0.3,0.3,0.3,0.4,0.4,0.5,0.6,0.6,0.7,0.7,0.6,0.6,0.6,0.5,0.4,0.4,0.2,0,0,0,0,0,0,0.4,0.3,0.3,0.3,0.2,0.3,0.4,0.5,0.5,0.5,0.5,0.5,0.5,0.5,0.4,0.4,0.3,0.2,0,0,0,0,0,0,0.4,0.4,0.3,0.2,0,0.2,0.3,0.3,0.4,0.4,0.4,0.4,0.4,0.4,0.4,0.3,0.3,0.2,0,0,0,0,0,0,0.4,0.4,0.3,0.3,0.2,0.2,0.2,0.2,0.2,0.2,0.2,0.2,0.2,0.2,0.2,0.3,0.3,0.2,0.2,0.1,0,0,0,0,0.4,0.4,0.4,0.3,0.3,0.2,0,0,0,0,0,0,0,0,0,0.2,0.3,0.3,0.3,0.2,0,0,0,0,0.2,0.2,0.2,0.2,0.2,0.1,0,0,0,0,0,0,0,0,0,0.2,0.3,0.3,0.3,0.2,0,0,0,0,0,0,0,0,0,0,0,0,0,0,0,0,0,0,0,0.2,0.3,0.3,0.3,0.2,0,0,0,0,0,0,0,0,0,0,0,0,0,0,0,0,0,0,0,0.2,0.3,0.3,0.2,0.1,0,0,0,0,0,0,0,0,0,0,0,0,0,0,0,0,0,0,0,0.2,0.3,0.2,0,0,0,0,0,0,0,0,0,0,0,0,0,0,0,0,0,0,0,0,0,0.1,0.2,0.1,0,0,0,0,0,0,0,0,0,0,0,0,0,0,0,0,0,0,0,0,0,0,0,0,0,0,0,0,0,0,0,0,0,0,0,0,0,0,0,0,0,0,0,0,0,0,0,0,0,0,0,0,0,0,0,0,0,0,0,0,0,0,0,0,0,0,0,0,0,0,0,0,0,0,0,0,0,0,0,0,0,0,0,0,0,0,0,0,0,0,0,0,0,0,0,0,0,0,0,0,0,0,0,0,0,0,0,0,0,0,0,0,0,0,0,0,0,0,0,0,0,0,0,0,0,0,0,0,0,0,0,0,0,0,0,0,0,0,0,0,0,0,0,0,0,0,0,0,0,0,0,0,0,0,0,0,0,0,0,0,0,0,0,0,0,0,0,0,0,0,0,0,0,0,0,0,0,0,0,0,0,0,0,0,0,0,0,0,0,0,0,0,0,0,0,0,0,0,0,0,0,0,0,0,0,0,0,0,0,0,0,0,0,0,0,0,0,0,0,0,0,0,0,0,0,0,0,0,0,0,0,0,0,0,0,0,0,0,0,0,0,0,0,0,0,0,0,0,0,0,0,0,0,0,0,0,0,0,0,0,0,0,0,0,0,0,0,0,0,0,0,0,0,0,0,0,0,0,0,0,0,0,0,0,0,0,0,0,0,0,0,0,0,0,0,0,0,0,0,0,0,0,0,0,0,0,0,0,0,0,0,0,0,0,0,0,0,0,0,0,0,0,0,0,0,0,0,0,0,0,0,0,0,0,0,0,0,0,0,0,0,0,0,0,0,0,0,0,0,0,0,0,0,0,0,0,0,0,0,0,0,0,0,0,0,0,0,0,0,0,0,0,0,0,0,0,0,0,0,0,0,0,0,0,0,0,0,0,0,0,0,0,0,0,0,0,0,0,0,0,0,0,0,0,0,0,0,0,0,0,0,0,0,0,0,0,0,0,0,0,0,0,0,0,0,0,0,0,0,0,0,0,0,0,0,0.1,0.2,0.2,0,0,0,0,0,0,0,0,0,0,0,0,0,0,0,0,0,0,0,0,0,0.2,0.3,0.3,0.2,0.2,0.2,0.1,0,0,0,0,0,0,0,0,0,0,0,0,0,0,0,0,0,0.2,0.3,0.3,0.4,0.4,0.3,0.2,0,0,0,0,0,0,0,0,0,0,0,0,0,0,0,0,0,0.2,0.3,0.3,0.5,0.4,0.4,0.2,0,0,0,0,0,0,0,0,0,0,0,0,0,0,0,0,0,0.2,0.3,0.3,0.6,0.5,0.4,0.2,0,0,0,0,0,0,0,0,0,0,0,0,0,0,0,0,0,0.2,0.3,0.3,0.5,0.5,0.4,0.3,0.2,0.1,0,0,0,0,0,0,0,0,0,0,0,0,0,0,0,0.2,0.3,0.3,0.5,0.5,0.4,0.4,0.3,0.2,0,0,0,0,0,0,0,0,0,0,0,0,0,0,0,0.2,0.4,0.4,0.5,0.4,0.4,0.4,0.3,0.3,0.2,0.2,0.2,0.2,0.2,0.1,0,0,0,0,0,0,0,0,0,0.2,0.3,0.3,0.4,0.4,0.4,0.4,0.4,0.4,0.4,0.4,0.4,0.4,0.4,0.2,0,0,0,0,0,0,0,0,0,0.2,0.3,0.3,0.4,0.4,0.4,0.4,0.4,0.4,0.4,0.5,0.5,0.4,0.4,0.3,0.2,0.1,0,0,0,0,0,0,0,0.1,0.2,0.2,0.4,0.4,0.3,0.4,0.4,0.4,0.5,0.5,0.5,0.5,0.4,0.4,0.3,0.2,0,0,0,0,0,0,0,0,0,0,0.4,0.4,0.3,0.4,0.4,0.4,0.5,0.5,0.5,0.5,0.4,0.4,0.3,0.2,0,0,0,0,0,0,0,0,0,0]",418,27.6,36.99%,0.0100,0.0253
1785909055210,0.165,0.9,"(11, 8)",0.4,653.125,"[0,0,0,0.3,0.2,0,0,0,0,0,0,0,0.2,0.3,0.3,0.4,0.4,0.5,0.6,0.6,0.6,0,0,0,0,0,0,0.2,0.1,0,0,0,0,0,0,0,0.1,0.2,0.2,0.2,0.3,0.4,0.5,0.6,0.6,0,0,0,0,0,0,0,0,0,0,0,0,0,0,0,0,0,0,0,0.2,0.4,0.5,0.6,0.6,0,0,0,0,0,0,0,0,0,0,0,0,0,0,0,0,0,0,0,0.2,0.4,0.4,0.5,0.5,0,0,0,0,0,0,0,0,0,0,0,0,0,0,0,0,0,0,0,0.2,0.3,0.4,0.4,0.4,0,0,0,0,0,0,0,0,0,0,0,0,0,0,0,0,0,0,0,0.1,0.2,0.3,0.4,0.4,0,0,0,0,0,0,0,0,0,0,0,0,0,0,0,0,0,0,0,0,0,0.2,0.3,0.3,0,0,0,0,0,0,0.2,0.2,0.2,0.2,0.2,0.2,0.2,0.2,0.2,0.1,0,0,0,0,0,0.2,0.4,0.4,0,0,0,0,0,0,0.4,0.4,0.5,0.5,0.4,0.4,0.4,0.4,0.3,0.2,0,0,0,0,0,0.2,0.4,0.4,0,0,0,0,0,0,0.5,0.6,0.6,0.6,0.6,0.6,0.5,0.5,0.4,0.3,0.2,0.2,0.2,0.2,0.2,0.3,0.4,0.4,0,0,0,0,0,0,0.2,0.4,0.5,0.6,0.7,0.8,0.8,0.8,0.7,0.7,0.6,0.6,0.5,0.4,0.4,0.4,0.4,0.4,0.4,0.5,0.5,0,0.1,0.2,0.3,0.4,0.6,0.7,0.8,0.9,0.9,0.9,0.8,0.7,0.7,0.6,0.5,0.5,0.4,0.4,0.4,0.4,0.4,0.5,0.5,0,0.2,0.3,0.4,0.5,0.6,0.7,0.8,0.9,0.9,0.9,0.8,0.8,0.7,0.6,0.6,0.5,0.4,0.4,0.4,0.4,0.4,0.4,0.4,0.2,0.2,0.3,0.4,0.4,0.5,0.6,0.7,0.8,0.8,0.8,0.7,0.7,0.6,0.6,0.5,0.4,0.3,0.2,0.2,0.2,0.2,0.2,0.2,0.3,0.3,0.3,0.3,0.4,0.4,0.5,0.6,0.6,0.7,0.7,0.6,0.6,0.6,0.5,0.4,0.4,0.2,0,0,0,0,0,0,0.4,0.3,0.3,0.3,0.2,0.3,0.4,0.5,0.5,0.5,0.5,0.5,0.5,0.5,0.4,0.4,0.3,0.2,0,0,0,0,0,0,0.4,0.4,0.3,0.2,0,0.2,0.3,0.3,0.4,0.4,0.4,0.4,0.4,0.4,0.4,0.3,0.3,0.2,0,0,0,0,0,0,0.4,0.4,0.4,0.3,0.2,0.2,0.2,0.2,0.2,0.2,0.2,0.2,0.2,0.2,0.2,0.3,0.3,0.2,0.2,0.1,0,0,0,0,0.4,0.4,0.4,0.3,0.3,0.2,0,0,0,0,0,0,0,0,0,0.2,0.3,0.3,0.3,0.2,0,0,0,0,0.2,0.2,0.2,0.2,0.2,0.1,0,0,0,0,0,0,0,0,0,0.2,0.3,0.3,0.3,0.2,0,0,0,0,0,0,0,0,0,0,0,0,0,0,0,0,0,0,0,0.2,0.3,0.3,0.3,0.2,0,0,0,0,0,0,0,0,0,0,0,0,0,0,0,0,0,0,0,0.2,0.3,0.3,0.2,0.1,0,0,0,0,0,0,0,0,0,0,0,0,0,0,0,0,0,0,0,0.2,0.3,0.2,0,0,0,0,0,0,0,0,0,0,0,0,0,0,0,0,0,0,0,0,0,0.1,0.2,0.1,0,0,0,0,0,0,0,0,0,0,0,0,0,0,0,0,0,0,0,0,0,0,0,0,0,0,0,0,0,0,0,0,0,0,0,0,0,0,0,0,0,0,0,0,0,0,0,0,0,0,0,0,0,0,0,0,0,0,0,0,0,0,0,0,0,0,0,0,0,0,0,0,0,0,0,0,0,0,0,0,0,0,0,0,0,0,0,0,0,0,0,0,0,0,0,0,0,0,0,0,0,0,0,0,0,0,0,0,0,0,0,0,0,0,0,0,0,0,0,0,0,0,0,0,0,0,0,0,0,0,0,0,0,0,0,0,0,0,0,0,0,0,0,0,0,0,0,0,0,0,0,0,0,0,0,0,0,0,0,0,0,0,0,0,0,0,0,0,0,0,0,0,0,0,0,0,0,0,0,0,0,0,0,0,0,0,0,0,0,0,0,0,0,0,0,0,0,0,0,0,0,0,0,0,0,0,0,0,0,0,0,0,0,0,0,0,0,0,0,0,0,0,0,0,0,0,0,0,0,0,0,0,0,0,0,0,0,0,0,0,0,0,0,0,0,0,0,0,0,0,0,0,0,0,0,0,0,0,0,0,0,0,0,0,0,0,0,0,0,0,0,0,0,0,0,0,0,0,0,0,0,0,0,0,0,0,0,0,0,0,0,0,0,0,0,0,0,0,0,0,0,0,0,0,0,0,0,0,0,0,0,0,0,0,0,0,0,0,0,0,0,0,0,0,0,0,0,0,0,0,0,0,0,0,0,0,0,0,0,0,0,0,0,0,0,0,0,0,0,0,0,0,0,0,0,0,0,0,0,0,0,0,0,0,0,0,0,0,0,0,0,0,0,0,0,0,0,0,0,0,0,0,0,0,0,0,0,0,0,0,0,0,0,0,0,0,0,0,0,0,0,0,0,0,0,0,0,0,0,0,0,0,0,0,0,0,0,0,0,0,0,0,0,0,0,0,0,0,0,0,0,0,0,0,0,0.1,0.2,0.2,0,0,0,0,0,0,0,0,0,0,0,0,0,0,0,0,0,0,0,0,0,0.2,0.3,0.3,0.2,0.2,0.2,0.1,0,0,0,0,0,0,0,0,0,0,0,0,0,0,0,0,0,0.2,0.3,0.3,0.4,0.4,0.3,0.2,0,0,0,0,0,0,0,0,0,0,0,0,0,0,0,0,0,0.2,0.3,0.3,0.5,0.4,0.4,0.2,0,0,0,0,0,0,0,0,0,0,0,0,0,0,0,0,0,0.2,0.3,0.3,0.5,0.5,0.4,0.2,0,0,0,0,0,0,0,0,0,0,0,0,0,0,0,0,0,0.2,0.3,0.3,0.5,0.5,0.4,0.3,0.2,0.1,0,0,0,0,0,0,0,0,0,0,0,0,0,0,0,0.2,0.3,0.3,0.5,0.5,0.4,0.4,0.3,0.2,0,0,0,0,0,0,0,0,0,0,0,0,0,0,0,0.2,0.4,0.4,0.5,0.4,0.4,0.4,0.3,0.3,0.2,0.2,0.2,0.2,0.2,0.1,0,0,0,0,0,0,0,0,0,0.2,0.3,0.3,0.4,0.4,0.4,0.4,0.4,0.4,0.4,0.4,0.4,0.4,0.4,0.2,0,0,0,0,0,0,0,0,0,0.2,0.3,0.3,0.4,0.4,0.4,0.4,0.4,0.4,0.4,0.5,0.5,0.4,0.4,0.3,0.2,0.1,0,0,0,0,0,0,0,0.1,0.2,0.2,0.4,0.4,0.3,0.4,0.4,0.4,0.5,0.5,0.5,0.5,0.4,0.4,0.3,0.2,0,0,0,0,0,0,0,0,0,0,0.4,0.4,0.3,0.4,0.4,0.4,0.5,0.5,0.5,0.5,0.4,0.4,0.3,0.2,0,0,0,0,0,0,0,0,0,0]",418,28.1,37.01%,0.0100,0.0253
1785909055293,0.248,0.9,"(11, 8)",0.4,675,"[0,0,0,0.4,0.2,0,0,0,0,0,0,0,0.2,0.3,0.3,0.4,0.4,0.5,0.5,0.6,0.6,0,0,0,0,0,0,0.2,0.1,0,0,0,0,0,0,0,0.1,0.2,0.2,0.2,0.3,0.4,0.5,0.6,0.6,0,0,0,0,0,0,0,0,0,0,0,0,0,0,0,0,0,0,0,0.2,0.4,0.5,0.6,0.6,0,0,0,0,0,0,0,0,0,0,0,0,0,0,0,0,0,0,0,0.2,0.4,0.4,0.5,0.5,0,0,0,0,0,0,0,0,0,0,0,0,0,0,0,0,0,0,0,0.2,0.3,0.4,0.4,0.4,0,0,0,0,0,0,0,0,0,0,0,0,0,0,0,0,0,0,0,0.1,0.2,0.3,0.4,0.4,0,0,0,0,0,0,0,0,0,0,0,0,0,0,0,0,0,0,0,0,0,0.2,0.3,0.3,0,0,0,0,0,0,0.2,0.2,0.2,0.2,0.2,0.2,0.2,0.2,0.2,0.1,0,0,0,0,0,0.2,0.4,0.4,0,0,0,0,0,0,0.4,0.4,0.5,0.5,0.5,0.4,0.4,0.4,0.3,0.2,0,0,0,0,0,0.2,0.4,0.4,0,0,0,0,0,0,0.5,0.6,0.6,0.6,0.6,0.6,0.5,0.5,0.4,0.3,0.2,0.2,0.2,0.2,0.2,0.3,0.4,0.4,0,0,0,0,0,0,0.2,0.4,0.5,0.7,0.7,0.8,0.8,0.8,0.7,0.7,0.6,0.6,0.5,0.4,0.4,0.4,0.4,0.4,0.4,0.5,0.5,0,0.1,0.2,0.3,0.4,0.6,0.7,0.8,0.9,0.9,0.9,0.8,0.7,0.7,0.6,0.5,0.5,0.4,0.4,0.4,0.4,0.4,0.5,0.5,0,0.2,0.3,0.4,0.5,0.6,0.7,0.8,0.9,0.9,0.9,0.8,0.8,0.7,0.6,0.6,0.5,0.4,0.4,0.4,0.4,0.4,0.4,0.4,0.2,0.2,0.3,0.4,0.4,0.5,0.6,0.7,0.8,0.8,0.8,0.7,0.7,0.6,0.6,0.5,0.4,0.3,0.2,0.2,0.2,0.2,0.2,0.2,0.3,0.3,0.3,0.3,0.4,0.4,0.5,0.6,0.6,0.7,0.7,0.6,0.6,0.6,0.5,0.4,0.4,0.2,0,0,0,0,0,0,0.4,0.3,0.3,0.3,0.2,0.3,0.4,0.5,0.5,0.5,0.5,0.5,0.5,0.5,0.4,0.4,0.4,0.2,0,0,0,0,0,0,0.4,0.4,0.3,0.2,0,0.2,0.3,0.3,0.4,0.4,0.4,0.4,0.4,0.4,0.4,0.3,0.3,0.2,0,0,0,0,0,0,0.4,0.4,0.4,0.3,0.2,0.2,0.2,0.2,0.2,0.2,0.2,0.2,0.2,0.2,0.2,0.3,0.3,0.3,0.2,0.1,0,0,0,0,0.4,0.4,0.4,0.3,0.3,0.2,0,0,0,0,0,0,0,0,0,0.2,0.3,0.3,0.3,0.2,0,0,0,0,0.2,0.2,0.2,0.2,0.2,0.1,0,0,0,0,0,0,0,0,0,0.2,0.3,0.3,0.3,0.3,0.2,0.1,0,0,0,0,0,0,0,0,0,0,0,0,0,0,0,0,0,0.2,0.3,0.4,0.4,0.3,0.3,0.2,0,0,0,0,0,0,0,0,0,0,0,0,0,0,0,0,0,0.2,0.3,0.3,0.3,0.2,0.2,0.1,0,0,0,0,0,0,0,0,0,0,0,0,0,0,0,0,0,0.2,0.3,0.3,0.3,0.2,0,0,0,0,0,0,0,0,0,0,0,0,0,0,0,0,0,0,0,0.1,0.2,0.2,0.2,0.1,0,0,0,0,0,0,0,0,0,0,0,0,0,0,0,0,0,0,0,0,0,0,0,0,0,0,0,0,0,0,0,0,0,0,0,0,0,0,0,0,0,0,0,0,0,0,0,0,0,0,0,0,0,0,0,0,0,0,0,0,0,0,0,0,0,0,0,0,0,0,0,0,0,0,0,0,0,0,0,0,0,0,0,0,0,0,0,0,0,0,0,0,0,0,0,0,0,0,0,0,0,0,0,0,0,0,0,0,0,0,0,0,0,0,0,0,0,0,0,0,0,0,0,0,0,0,0,0,0,0,0,0,0,0,0,0,0,0,0,0,0,0,0,0,0,0,0,0,0,0,0,0,0,0,0,0,0,0,0,0,0,0,0,0,0,0,0,0,0,0,0,0,0,0,0,0,0,0,0,0,0,0,0,0,0,0,0,0,0,0,0,0,0,0,0,0,0,0,0,0,0,0,0,0,0,0,0,0,0,0,0,0,0,0,0,0,0,0,0,0,0,0,0,0,0,0,0,0,0,0,0,0,0,0,0,0,0,0,0,0,0,0,0,0,0,0,0,0,0,0,0,0,0,0,0,0,0,0,0,0,0,0,0,0,0,0,0,0,0,0,0,0,0,0,0,0,0,0,0,0,0,0,0,0,0,0,0,0,0,0,0,0,0,0,0,0,0,0,0,0,0,0,0,0,0,0,0,0,0,0,0,0,0,0,0,0,0,0,0,0,0,0,0,0,0,0,0,0,0,0,0,0,0,0,0,0,0,0,0,0,0,0,0,0,0,0,0,0,0,0,0,0,0,0,0,0,0,0,0,0,0,0,0,0,0,0,0,0,0,0,0,0,0,0,0,0,0,0,0,0,0,0,0,0,0,0,0,0,0,0,0,0,0,0,0,0,0,0,0,0,0,0,0,0,0,0,0,0,0,0,0,0,0,0,0,0,0,0,0,0,0,0,0,0,0,0,0,0,0,0,0,0,0,0.1,0.2,0.2,0,0,0,0,0,0,0,0,0,0,0,0,0,0,0,0,0,0,0,0,0,0.2,0.3,0.3,0.2,0.2,0.2,0.1,0,0,0,0,0,0,0,0,0,0,0,0,0,0,0,0,0,0.2,0.3,0.3,0.4,0.4,0.3,0.2,0,0,0,0,0,0,0,0,0,0,0,0,0,0,0,0,0,0.2,0.3,0.3,0.5,0.4,0.4,0.3,0.2,0.1,0,0,0,0,0,0,0,0,0,0,0,0,0,0,0,0.2,0.3,0.3,0.6,0.5,0.5,0.4,0.3,0.2,0,0,0,0,0,0,0,0,0,0,0,0,0,0,0,0.2,0.3,0.3,0.5,0.5,0.4,0.4,0.3,0.2,0,0,0,0,0,0,0,0,0,0,0,0,0,0,0,0.2,0.3,0.3,0.5,0.5,0.4,0.4,0.3,0.2,0,0,0,0,0,0,0,0,0,0,0,0,0,0,0,0.2,0.4,0.4,0.5,0.4,0.4,0.4,0.3,0.3,0.2,0.2,0.2,0.2,0.2,0.1,0,0,0,0,0,0,0,0,0,0.2,0.3,0.3,0.4,0.4,0.4,0.4,0.4,0.4,0.4,0.4,0.4,0.4,0.4,0.2,0,0,0,0,0,0,0,0,0,0.2,0.3,0.3,0.4,0.4,0.4,0.4,0.4,0.4,0.4,0.5,0.5,0.4,0.4,0.3,0.2,0.1,0,0,0,0,0,0,0,0.1,0.2,0.2,0.4,0.4,0.4,0.4,0.4,0.4,0.5,0.5,0.5,0.5,0.4,0.4,0.3,0.2,0,0,0,0,0,0,0,0,0,0,0.4,0.4,0.4,0.4,0.4,0.4,0.5,0.5,0.5,0.5,0.4,0.4,0.3,0.2,0,0,0,0,0,0,0,0,0,0]",432,29.1,36.65%,0.0098,0.0253
1785909055376,0.331,0.9,"(11, 8)",0.4,659.375,"[0,0,0,0.4,0.3,0.3,0.2,0,0,0,0,0,0.2,0.3,0.3,0.4,0.4,0.5,0.6,0.6,0.6,0,0,0,0,0,0,0.2,0.2,0.2,0.1,0,0,0,0,0,0.1,0.2,0.2,0.2,0.3,0.4,0.5,0.6,0.6,0,0,0,0,0,0,0,0,0,0,0,0,0,0,0,0,0,0,0,0.2,0.4,0.5,0.6,0.6,0,0,0,0,0,0,0,0,0,0,0,0,0,0,0,0,0,0,0,0.2,0.4,0.4,0.5,0.5,0,0,0,0,0,0,0,0,0,0,0,0,0,0,0,0,0,0,0,0.2,0.3,0.4,0.4,0.4,0,0,0,0,0,0,0,0,0,0,0,0,0,0,0,0,0,0,0,0.1,0.2,0.3,0.4,0.4,0,0,0,0,0,0,0,0,0,0,0,0,0,0,0,0,0,0,0,0,0,0.2,0.3,0.3,0,0,0,0,0,0,0.2,0.2,0.2,0.2,0.2,0.2,0.2,0.2,0.2,0.1,0,0,0,0,0,0.2,0.4,0.4,0,0,0,0,0,0,0.4,0.4,0.5,0.5,0.5,0.4,0.4,0.4,0.3,0.2,0,0,0,0,0,0.2,0.4,0.4,0,0,0,0,0,0,0.5,0.6,0.6,0.6,0.6,0.6,0.5,0.5,0.4,0.3,0.2,0.2,0.2,0.2,0.2,0.3,0.4,0.4,0,0,0,0,0,0,0.2,0.4,0.5,0.6,0.7,0.8,0.8,0.8,0.7,0.7,0.6,0.6,0.5,0.4,0.4,0.4,0.4,0.4,0.4,0.5,0.5,0,0.1,0.2,0.3,0.4,0.6,0.7,0.8,0.9,0.9,0.9,0.8,0.7,0.7,0.6,0.5,0.5,0.4,0.4,0.4,0.4,0.4,0.5,0.5,0,0.2,0.3,0.4,0.5,0.6,0.7,0.8,0.9,0.9,0.9,0.8,0.8,0.7,0.6,0.6,0.5,0.4,0.4,0.4,0.4,0.4,0.4,0.4,0.2,0.2,0.3,0.4,0.4,0.5,0.6,0.7,0.8,0.8,0.8,0.7,0.7,0.6,0.6,0.5,0.4,0.3,0.2,0.2,0.2,0.2,0.2,0.2,0.3,0.3,0.3,0.3,0.4,0.4,0.5,0.6,0.6,0.7,0.7,0.6,0.6,0.6,0.5,0.4,0.4,0.2,0,0,0,0,0,0,0.4,0.3,0.3,0.3,0.2,0.3,0.4,0.5,0.5,0.5,0.5,0.5,0.5,0.5,0.4,0.4,0.4,0.2,0,0,0,0,0,0,0.4,0.4,0.3,0.2,0,0.2,0.3,0.3,0.4,0.4,0.4,0.4,0.4,0.4,0.4,0.3,0.3,0.2,0,0,0,0,0,0,0.4,0.4,0.4,0.3,0.2,0.2,0.2,0.2,0.2,0.2,0.2,0.2,0.2,0.2,0.2,0.3,0.3,0.3,0.2,0.1,0,0,0,0,0.4,0.4,0.4,0.3,0.3,0.2,0,0,0,0,0,0,0,0,0,0.2,0.3,0.3,0.3,0.2,0,0,0,0,0.2,0.2,0.2,0.2,0.2,0.1,0,0,0,0,0,0,0,0,0,0.2,0.3,0.3,0.3,0.2,0,0,0,0,0,0,0,0,0,0,0,0,0,0,0,0,0,0,0,0.2,0.3,0.3,0.3,0.2,0,0,0,0,0,0,0,0,0,0,0,0,0,0,0,0,0,0,0,0.2,0.3,0.3,0.2,0.1,0,0,0,0,0,0,0,0,0,0,0,0,0,0,0,0,0,0,0,0.2,0.3,0.2,0,0,0,0,0,0,0,0,0,0,0,0,0,0,0,0,0,0,0,0,0,0.1,0.2,0.1,0,0,0,0,0,0,0,0,0,0,0,0,0,0,0,0,0,0,0,0,0,0,0,0,0,0,0,0,0,0,0,0,0,0,0,0,0,0,0,0,0,0,0,0,0,0,0,0,0,0,0,0,0,0,0,0,0,0,0,0,0,0,0,0,0,0,0,0,0,0,0,0,0,0,0,0,0,0,0,0,0,0,0,0,0,0,0,0,0,0,0,0,0,0,0,0,0,0,0,0,0,0,0,0,0,0,0,0,0,0,0,0,0,0,0,0,0,0,0,0,0,0,0,0,0,0,0,0,0,0,0,0,0,0,0,0,0,0,0,0,0,0,0,0,0,0,0,0,0,0,0,0,0,0,0,0,0,0,0,0,0,0,0,0,0,0,0,0,0,0,0,0,0,0,0,0,0,0,0,0,0,0,0,0,0,0,0,0,0,0,0,0,0,0,0,0,0,0,0,0,0,0,0,0,0,0,0,0,0,0,0,0,0,0,0,0,0,0,0,0,0,0,0,0,0,0,0,0,0,0,0,0,0,0,0,0,0,0,0,0,0,0,0,0,0,0,0,0,0,0,0,0,0,0,0,0,0,0,0,0,0,0,0,0,0,0,0,0,0,0,0,0,0,0,0,0,0,0,0,0,0,0,0,0,0,0,0,0,0,0,0,0,0,0,0,0,0,0,0,0,0,0,0,0,0,0,0,0,0,0,0,0,0,0,0,0,0,0,0,0,0,0,0,0,0,0,0,0,0,0,0,0,0,0,0,0,0,0,0,0,0,0,0,0,0,0,0,0,0,0,0,0,0,0,0,0,0,0,0,0,0,0,0,0,0,0,0,0,0,0,0,0,0,0,0,0,0,0,0,0,0,0,0,0,0,0,0,0,0,0,0,0,0,0,0,0,0,0,0,0,0,0,0,0,0,0,0,0,0,0,0,0,0,0,0,0,0,0,0,0,0,0,0,0,0,0,0,0,0,0,0,0,0,0,0,0.1,0.2,0.2,0,0,0,0,0,0,0,0,0,0,0,0,0,0,0,0,0,0,0,0,0,0.2,0.3,0.3,0.2,0.2,0.2,0.1,0,0,0,0,0,0,0,0,0,0,0,0,0,0,0,0,0,0.2,0.3,0.3,0.4,0.4,0.3,0.2,0,0,0,0,0,0,0,0,0,0,0,0,0,0,0,0,0,0.2,0.3,0.3,0.5,0.4,0.4,0.2,0,0,0,0,0,0,0,0,0,0,0,0,0,0,0,0,0,0.2,0.3,0.3,0.6,0.5,0.4,0.2,0,0,0,0,0,0,0,0,0,0,0,0,0,0,0,0,0,0.2,0.3,0.3,0.5,0.5,0.4,0.3,0.2,0.1,0,0,0,0,0,0,0,0,0,0,0,0,0,0,0,0.2,0.3,0.3,0.5,0.5,0.4,0.4,0.3,0.2,0,0,0,0,0,0,0,0,0,0,0,0,0,0,0,0.2,0.4,0.4,0.5,0.4,0.4,0.4,0.3,0.3,0.2,0.2,0.2,0.2,0.2,0.1,0,0,0,0,0,0,0,0,0,0.2,0.3,0.3,0.4,0.4,0.4,0.4,0.4,0.4,0.4,0.4,0.4,0.4,0.4,0.2,0,0,0,0,0,0,0,0,0,0.2,0.3,0.3,0.4,0.4,0.4,0.4,0.4,0.4,0.4,0.5,0.5,0.4,0.4,0.3,0.2,0.1,0,0,0,0,0,0,0,0.1,0.2,0.2,0.4,0.4,0.3,0.4,0.4,0.4,0.5,0.5,0.5,0.5,0.4,0.4,0.3,0.2,0,0,0,0,0,0,0,0,0,0,0.4,0.4,0.3,0.4,0.4,0.4,0.5,0.5,0.5,0.5,0.4,0.4,0.3,0.2,0,0,0,0,0,0,0,0,0,0]",422,28.4,38.11%,0.0100,0.0253
1785909055459,0.414,0.9,"(11, 8)",0.4,668.75,"[0,0,0,0.4,0.2,0,0,0,0,0,0,0,0.2,0.3,0.3,0.4,0.4,0.5,0.6,0.7,0.7,0,0,0,0,0,0,0.2,0.1,0,0,0,0,0,0,0,0.1,0.2,0.2,0.2,0.3,0.4,0.5,0.6,0.6,0,0,0,0,0,0,0,0,0,0,0,0,0,0,0,0,0,0,0,0.2,0.4,0.5,0.6,0.6,0,0,0,0,0,0,0,0,0,0,0,0,0,0,0,0,0,0,0,0.2,0.4,0.4,0.5,0.5,0,0,0,0,0,0,0,0,0,0,0,0,0,0,0,0,0,0,0,0.2,0.3,0.4,0.4,0.4,0,0,0,0,0,0,0,0,0,0,0,0,0,0,0,0,0,0,0,0.1,0.2,0.3,0.4,0.4,0,0,0,0,0,0,0,0,0,0,0,0,0,0,0,0,0,0,0,0,0,0.2,0.3,0.3,0,0,0,0,0,0,0.2,0.2,0.2,0.2,0.2,0.2,0.2,0.2,0.2,0.1,0,0,0,0,0,0.2,0.4,0.4,0,0,0,0,0,0,0.4,0.4,0.5,0.5,0.5,0.4,0.4,0.4,0.3,0.2,0,0,0,0,0,0.2,0.4,0.4,0,0,0,0,0,0,0.5,0.6,0.6,0.6,0.6,0.6,0.5,0.5,0.4,0.3,0.2,0.2,0.2,0.2,0.2,0.3,0.4,0.4,0,0,0,0,0,0,0.2,0.4,0.5,0.7,0.7,0.8,0.8,0.8,0.7,0.7,0.6,0.6,0.5,0.4,0.4,0.4,0.4,0.4,0.4,0.5,0.5,0,0.1,0.2,0.3,0.4,0.6,0.7,0.8,0.9,0.9,0.9,0.8,0.7,0.7,0.6,0.5,0.5,0.4,0.4,0.4,0.4,0.4,0.5,0.5,0,0.2,0.3,0.4,0.5,0.6,0.7,0.8,0.9,0.9,0.9,0.8,0.8,0.7,0.6,0.6,0.5,0.4,0.4,0.4,0.4,0.4,0.4,0.4,0.2,0.2,0.3,0.4,0.4,0.5,0.6,0.7,0.8,0.8,0.8,0.7,0.7,0.6,0.6,0.5,0.4,0.3,0.2,0.2,0.2,0.2,0.2,0.2,0.3,0.3,0.3,0.3,0.4,0.4,0.5,0.6,0.6,0.7,0.7,0.6,0.6,0.6,0.5,0.4,0.4,0.2,0,0,0,0,0,0,0.4,0.3,0.3,0.3,0.2,0.3,0.4,0.5,0.5,0.5,0.5,0.5,0.5,0.5,0.4,0.4,0.4,0.2,0,0,0,0,0,0,0.4,0.4,0.3,0.2,0,0.2,0.3,0.3,0.4,0.4,0.4,0.4,0.4,0.4,0.4,0.3,0.3,0.2,0,0,0,0,0,0,0.4,0.4,0.4,0.3,0.2,0.2,0.2,0.2,0.2,0.2,0.2,0.2,0.2,0.2,0.2,0.3,0.3,0.3,0.2,0.1,0,0,0,0,0.4,0.4,0.4,0.3,0.3,0.2,0,0,0,0,0,0,0,0,0,0.2,0.3,0.3,0.3,0.2,0,0,0,0,0.2,0.2,0.2,0.2,0.2,0.1,0,0,0,0,0,0,0,0,0,0.2,0.3,0.3,0.3,0.3,0.2,0.1,0,0,0,0,0,0,0,0,0,0,0,0,0,0,0,0,0,0.2,0.3,0.3,0.4,0.3,0.3,0.2,0,0,0,0,0,0,0,0,0,0,0,0,0,0,0,0,0,0.2,0.3,0.3,0.3,0.2,0.2,0.1,0,0,0,0,0,0,0,0,0,0,0,0,0,0,0,0,0,0.2,0.3,0.3,0.3,0.2,0,0,0,0,0,0,0,0,0,0,0,0,0,0,0,0,0,0,0,0.1,0.2,0.2,0.2,0.1,0,0,0,0,0,0,0,0,0,0,0,0,0,0,0,0,0,0,0,0,0,0,0,0,0,0,0,0,0,0,0,0,0,0,0,0,0,0,0,0,0,0,0,0,0,0,0,0,0,0,0,0,0,0,0,0,0,0,0,0,0,0,0,0,0,0,0,0,0,0,0,0,0,0,0,0,0,0,0,0,0,0,0,0,0,0,0,0,0,0,0,0,0,0,0,0,0,0,0,0,0,0,0,0,0,0,0,0,0,0,0,0,0,0,0,0,0,0,0,0,0,0,0,0,0,0,0,0,0,0,0,0,0,0,0,0,0,0,0,0,0,0,0,0,0,0,0,0,0,0,0,0,0,0,0,0,0,0,0,0,0,0,0,0,0,0,0,0,0,0,0,0,0,0,0,0,0,0,0,0,0,0,0,0,0,0,0,0,0,0,0,0,0,0,0,0,0,0,0,0,0,0,0,0,0,0,0,0,0,0,0,0,0,0,0,0,0,0,0,0,0,0,0,0,0,0,0,0,0,0,0,0,0,0,0,0,0,0,0,0,0,0,0,0,0,0,0,0,0,0,0,0,0,0,0,0,0,0,0,0,0,0,0,0,0,0,0,0,0,0,0,0,0,0,0,0,0,0,0,0,0,0,0,0,0,0,0,0,0,0,0,0,0,0,0,0,0,0,0,0,0,0,0,0,0,0,0,0,0,0,0,0,0,0,0,0,0,0,0,0,0,0,0,0,0,0,0,0,0,0,0,0,0,0,0,0,0,0,0,0,0,0,0,0,0,0,0,0,0,0,0,0,0,0,0,0,0,0,0,0,0,0,0,0,0,0,0,0,0,0,0,0,0,0,0,0,0,0,0,0,0,0,0,0,0,0,0,0,0,0,0,0,0,0,0,0,0,0,0,0,0,0,0,0,0,0,0,0,0,0,0,0,0,0,0,0,0,0,0,0,0,0,0,0,0,0,0,0,0,0,0,0,0,0.1,0.2,0.2,0,0,0,0,0,0,0,0,0,0,0,0,0,0,0,0,0,0,0,0,0,0.2,0.3,0.3,0.2,0.2,0.2,0.1,0,0,0,0,0,0,0,0,0,0,0,0,0,0,0,0,0,0.2,0.3,0.3,0.4,0.4,0.3,0.2,0,0,0,0,0,0,0,0,0,0,0,0,0,0,0,0,0,0.2,0.3,0.3,0.5,0.4,0.4,0.2,0,0,0,0,0,0,0,0,0,0,0,0,0,0,0,0,0,0.2,0.3,0.3,0.5,0.5,0.4,0.2,0,0,0,0,0,0,0,0,0,0,0,0,0,0,0,0,0,0.2,0.3,0.3,0.5,0.5,0.4,0.3,0.2,0.1,0,0,0,0,0,0,0,0,0,0,0,0,0,0,0,0.2,0.3,0.3,0.5,0.5,0.4,0.4,0.3,0.2,0,0,0,0,0,0,0,0,0,0,0,0,0,0,0,0.2,0.4,0.4,0.5,0.4,0.4,0.4,0.3,0.3,0.2,0.2,0.2,0.2,0.2,0.1,0,0,0,0,0,0,0,0,0,0.2,0.3,0.3,0.4,0.4,0.4,0.4,0.4,0.4,0.4,0.4,0.4,0.4,0.4,0.2,0,0,0,0,0,0,0,0,0,0.2,0.3,0.3,0.4,0.4,0.4,0.4,0.4,0.4,0.4,0.5,0.5,0.4,0.4,0.3,0.2,0.1,0,0,0,0,0,0,0,0.1,0.2,0.2,0.4,0.4,0.4,0.4,0.4,0.4,0.5,0.5,0.5,0.5,0.4,0.4,0.3,0.2,0,0,0,0,0,0,0,0,0,0,0.4,0.4,0.4,0.4,0.4,0.4,0.5,0.5,0.5,0.5,0.4,0.4,0.3,0.2,0,0,0,0,0,0,0,0,0,0]",428,28.7,37.53%,0.0099,0.0253
1785909055542,0.497,0.9,"(11, 8)",0.4,665.625,"[0,0,0,0.4,0.3,0.3,0.2,0,0,0,0,0,0.2,0.3,0.3,0.4,0.4,0.5,0.6,0.7,0.7,0,0,0,0,0,0,0.2,0.2,0.2,0.1,0,0,0,0,0,0.1,0.2,0.2,0.2,0.3,0.4,0.5,0.6,0.6,0,0,0,0,0,0,0,0,0,0,0,0,0,0,0,0,0,0,0,0.2,0.4,0.5,0.6,0.6,0,0,0,0,0,0,0,0,0,0,0,0,0,0,0,0,0,0,0,0.2,0.4,0.4,0.5,0.5,0,0,0,0,0,0,0,0,0,0,0,0,0,0,0,0,0,0,0,0.2,0.3,0.4,0.4,0.4,0,0,0,0,0,0,0,0,0,0,0,0,0,0,0,0,0,0,0,0.1,0.2,0.3,0.4,0.4,0,0,0,0,0,0,0,0,0,0,0,0,0,0,0,0,0,0,0,0,0,0.2,0.3,0.3,0,0,0,0,0,0,0.2,0.2,0.2,0.2,0.2,0.2,0.2,0.2,0.2,0.1,0,0,0,0,0,0.2,0.4,0.4,0,0,0,0,0,0,0.4,0.4,0.5,0.5,0.5,0.4,0.4,0.4,0.3,0.2,0,0,0,0,0,0.2,0.4,0.4,0,0,0,0,0,0,0.5,0.6,0.6,0.6,0.6,0.6,0.5,0.5,0.4,0.3,0.2,0.2,0.2,0.2,0.2,0.3,0.4,0.4,0,0,0,0,0,0,0.2,0.4,0.5,0.7,0.7,0.8,0.8,0.8,0.7,0.7,0.6,0.6,0.5,0.4,0.4,0.4,0.4,0.4,0.4,0.5,0.5,0,0.1,0.2,0.3,0.4,0.6,0.7,0.8,0.9,0.9,0.9,0.8,0.7,0.7,0.6,0.5,0.5,0.4,0.4,0.4,0.4,0.4,0.5,0.5,0,0.2,0.3,0.4,0.5,0.6,0.7,0.8,0.9,0.9,0.9,0.8,0.8,0.7,0.6,0.6,0.5,0.4,0.4,0.4,0.4,0.4,0.4,0.4,0.2,0.2,0.3,0.4,0.4,0.5,0.6,0.7,0.8,0.8,0.8,0.7,0.7,0.6,0.6,0.5,0.4,0.3,0.2,0.2,0.2,0.2,0.2,0.2,0.3,0.3,0.3,0.3,0.4,0.4,0.5,0.6,0.6,0.7,0.7,0.6,0.6,0.6,0.5,0.4,0.4,0.2,0,0,0,0,0,0,0.4,0.3,0.3,0.3,0.2,0.3,0.4,0.5,0.5,0.5,0.5,0.5,0.5,0.5,0.4,0.4,0.4,0.2,0,0,0,0,0,0,0.4,0.4,0.3,0.2,0,0.2,0.3,0.3,0.4,0.4,0.4,0.4,0.4,0.4,0.4,0.3,0.3,0.2,0,0,0,0,0,0,0.4,0.4,0.4,0.3,0.2,0.2,0.2,0.2,0.2,0.2,0.2,0.2,0.2,0.2,0.2,0.3,0.3,0.3,0.2,0.1,0,0,0,0,0.4,0.4,0.4,0.3,0.3,0.2,0,0,0,0,0,0,0,0,0,0.2,0.3,0.3,0.3,0.2,0,0,0,0,0.2,0.2,0.2,0.2,0.2,0.1,0,0,0,0,0,0,0,0,0,0.2,0.3,0.3,0.3,0.2,0,0,0,0,0,0,0,0,0,0,0,0,0,0,0,0,0,0,0,0.2,0.3,0.3,0.3,0.2,0,0,0,0,0,0,0,0,0,0,0,0,0,0,0,0,0,0,0,0.2,0.3,0.3,0.2,0.1,0,0,0,0,0,0,0,0,0,0,0,0,0,0,0,0,0,0,0,0.2,0.3,0.2,0,0,0,0,0,0,0,0,0,0,0,0,0,0,0,0,0,0,0,0,0,0.1,0.2,0.1,0,0,0,0,0,0,0,0,0,0,0,0,0,0,0,0,0,0,0,0,0,0,0,0,0,0,0,0,0,0,0,0,0,0,0,0,0,0,0,0,0,0,0,0,0,0,0,0,0,0,0,0,0,0,0,0,0,0,0,0,0,0,0,0,0,0,0,0,0,0,0,0,0,0,0,0,0,0,0,0,0,0,0,0,0,0,0,0,0,0,0,0,0,0,0,0,0,0,0,0,0,0,0,0,0,0,0,0,0,0,0,0,0,0,0,0,0,0,0,0,0,0,0,0,0,0,0,0,0,0,0,0,0,0,0,0,0,0,0,0,0,0,0,0,0,0,0,0,0,0,0,0,0,0,0,0,0,0,0,0,0,0,0,0,0,0,0,0,0,0,0,0,0,0,0,0,0,0,0,0,0,0,0,0,0,0,0,0,0,0,0,0,0,0,0,0,0,0,0,0,0,0,0,0,0,0,0,0,0,0,0,0,0,0,0,0,0,0,0,0,0,0,0,0,0,0,0,0,0,0,0,0,0,0,0,0,0,0,0,0,0,0,0,0,0,0,0,0,0,0,0,0,0,0,0,0,0,0,0,0,0,0,0,0,0,0,0,0,0,0,0,0,0,0,0,0,0,0,0,0,0,0,0,0,0,0,0,0,0,0,0,0,0,0,0,0,0,0,0,0,0,0,0,0,0,0,0,0,0,0,0,0,0,0,0,0,0,0,0,0,0,0,0,0,0,0,0,0,0,0,0,0,0,0,0,0,0,0,0,0,0,0,0,0,0,0,0,0,0,0,0,0,0,0,0,0,0,0,0,0,0,0,0,0,0,0,0,0,0,0,0,0,0,0,0,0,0,0,0,0,0,0,0,0,0,0,0,0,0,0,0,0,0,0,0,0,0,0,0,0,0,0,0,0,0,0,0,0,0,0,0,0,0,0,0,0,0,0,0,0,0,0,0,0,0,0,0,0,0,0,0,0,0,0,0,0.1,0.2,0.2,0,0,0,0,0,0,0,0,0,0,0,0,0,0,0,0,0,0,0,0,0,0.2,0.3,0.3,0.2,0.2,0.2,0.1,0,0,0,0,0,0,0,0,0,0,0,0,0,0,0,0,0,0.2,0.3,0.3,0.4,0.4,0.3,0.2,0,0,0,0,0,0,0,0,0,0,0,0,0,0,0,0,0,0.2,0.3,0.3,0.5,0.4,0.4,0.3,0.2,0.1,0,0,0,0,0,0,0,0,0,0,0,0,0,0,0,0.2,0.3,0.3,0.6,0.5,0.5,0.4,0.3,0.2,0,0,0,0,0,0,0,0,0,0,0,0,0,0,0,0.2,0.3,0.3,0.5,0.5,0.4,0.4,0.3,0.2,0,0,0,0,0,0,0,0,0,0,0,0,0,0,0,0.2,0.3,0.3,0.5,0.5,0.4,0.4,0.3,0.2,0,0,0,0,0,0,0,0,0,0,0,0,0,0,0,0.2,0.4,0.4,0.5,0.4,0.4,0.4,0.3,0.3,0.2,0.2,0.2,0.2,0.2,0.1,0,0,0,0,0,0,0,0,0,0.2,0.3,0.3,0.4,0.4,0.4,0.4,0.4,0.4,0.4,0.4,0.4,0.4,0.4,0.2,0,0,0,0,0,0,0,0,0,0.2,0.3,0.3,0.4,0.4,0.4,0.4,0.4,0.4,0.4,0.5,0.5,0.4,0.4,0.3,0.2,0.1,0,0,0,0,0,0,0,0.1,0.2,0.2,0.4,0.4,0.4,0.4,0.4,0.4,0.5,0.5,0.5,0.5,0.4,0.4,0.3,0.2,0,0,0,0,0,0,0,0,0,0,0.4,0.4,0.4,0.4,0.4,0.4,0.5,0.5,0.5,0.5,0.4,0.4,0.3,0.2,0,0,0,0,0,0,0,0,0,0]",426,28.8,37.18%,0.0099,0.0253
1785909055625,0.580,0.9,"(11, 8)",0.4,659.375,"[0,0,0,0.4,0.3,0.3,0.2,0,0,0,0,0,0.2,0.3,0.3,0.4,0.4,0.5,0.6,0.6,0.6,0,0,0,0,0,0,0.2,0.2,0.2,0.1,0,0,0,0,0,0.1,0.2,0.2,0.2,0.3,0.4,0.5,0.6,0.6,0,0,0,0,0,0,0,0,0,0,0,0,0,0,0,0,0,0,0,0.2,0.4,0.5,0.6,0.6,0,0,0,0,0,0,0,0,0,0,0,0,0,0,0,0,0,0,0,0.2,0.4,0.4,0.5,0.5,0,0,0,0,0,0,0,0,0,0,0,0,0,0,0,0,0,0,0,0.2,0.3,0.4,0.4,0.4,0,0,0,0,0,0,0,0,0,0,0,0,0,0,0,0,0,0,0,0.1,0.2,0.3,0.4,0.4,0,0,0,0,0,0,0,0,0,0,0,0,0,0,0,0,0,0,0,0,0,0.2,0.3,0.3,0,0,0,0,0,0,0.2,0.2,0.2,0.2,0.2,0.2,0.2,0.2,0.2,0.1,0,0,0,0,0,0.2,0.4,0.4,0,0,0,0,0,0,0.4,0.4,0.5,0.5,0.5,0.4,0.4,0.4,0.3,0.2,0,0,0,0,0,0.2,0.4,0.4,0,0,0,0,0,0,0.5,0.6,0.6,0.6,0.6,0.6,0.5,0.5,0.4,0.3,0.2,0.2,0.2,0.2,0.2,0.3,0.4,0.4,0,0,0,0,0,0,0.2,0.4,0.5,0.6,0.7,0.8,0.8,0.8,0.7,0.7,0.6,0.6,0.5,0.4,0.4,0.4,0.4,0.4,0.4,0.5,0.5,0,0.1,0.2,0.3,0.4,0.6,0.7,0.8,0.9,0.9,0.9,0.8,0.7,0.7,0.6,0.5,0.5,0.4,0.4,0.4,0.4,0.4,0.5,0.5,0,0.2,0.3,0.4,0.5,0.6,0.7,0.8,0.9,0.9,0.9,0.8,0.8,0.7,0.6,0.6,0.5,0.4,0.4,0.4,0.4,0.4,0.4,0.4,0.2,0.2,0.3,0.4,0.4,0.5,0.6,0.7,0.8,0.8,0.8,0.7,0.7,0.6,0.6,0.5,0.4,0.3,0.2,0.2,0.2,0.2,0.2,0.2,0.3,0.3,0.3,0.3,0.4,0.4,0.5,0.6,0.6,0.7,0.7,0.6,0.6,0.6,0.5,0.4,0.4,0.2,0,0,0,0,0,0,0.4,0.3,0.3,0.3,0.2,0.3,0.4,0.5,0.5,0.5,0.5,0.5,0.5,0.5,0.4,0.4,0.4,0.2,0,0,0,0,0,0,0.4,0.4,0.3,0.2,0,0.2,0.3,0.3,0.4,0.4,0.4,0.4,0.4,0.4,0.4,0.3,0.3,0.2,0,0,0,0,0,0,0.4,0.4,0.4,0.3,0.2,0.2,0.2,0.2,0.2,0.2,0.2,0.2,0.2,0.2,0.2,0.3,0.3,0.3,0.2,0.1,0,0,0,0,0.4,0.4,0.4,0.3,0.3,0.2,0,0,0,0,0,0,0,0,0,0.2,0.3,0.3,0.3,0.2,0,0,0,0,0.2,0.2,0.2,0.2,0.2,0.1,0,0,0,0,0,0,0,0,0,0.2,0.3,0.3,0.3,0.2,0,0,0,0,0,0,0,0,0,0,0,0,0,0,0,0,0,0,0,0.2,0.3,0.3,0.3,0.2,0,0,0,0,0,0,0,0,0,0,0,0,0,0,0,0,0,0,0,0.2,0.3,0.3,0.2,0.1,0,0,0,0,0,0,0,0,0,0,0,0,0,0,0,0,0,0,0,0.2,0.3,0.2,0,0,0,0,0,0,0,0,0,0,0,0,0,0,0,0,0,0,0,0,0,0.1,0.2,0.1,0,0,0,0,0,0,0,0,0,0,0,0,0,0,0,0,0,0,0,0,0,0,0,0,0,0,0,0,0,0,0,0,0,0,0,0,0,0,0,0,0,0,0,0,0,0,0,0,0,0,0,0,0,0,0,0,0,0,0,0,0,0,0,0,0,0,0,0,0,0,0,0,0,0,0,0,0,0,0,0,0,0,0,0,0,0,0,0,0,0,0,0,0,0,0,0,0,0,0,0,0,0,0,0,0,0,0,0,0,0,0,0,0,0,0,0,0,0,0,0,0,0,0,0,0,0,0,0,0,0,0,0,0,0,0,0,0,0,0,0,0,0,0,0,0,0,0,0,0,0,0,0,0,0,0,0,0,0,0,0,0,0,0,0,0,0,0,0,0,0,0,0,0,0,0,0,0,0,0,0,0,0,0,0,0,0,0,0,0,0,0,0,0,0,0,0,0,0,0,0,0,0,0,0,0,0,0,0,0,0,0,0,0,0,0,0,0,0,0,0,0,0,0,0,0,0,0,0,0,0,0,0,0,0,0,0,0,0,0,0,0,0,0,0,0,0,0,0,0,0,0,0,0,0,0,0,0,0,0,0,0,0,0,0,0,0,0,0,0,0,0,0,0,0,0,0,0,0,0,0,0,0,0,0,0,0,0,0,0,0,0,0,0,0,0,0,0,0,0,0,0,0,0,0,0,0,0,0,0,0,0,0,0,0,0,0,0,0,0,0,0,0,0,0,0,0,0,0,0,0,0,0,0,0,0,0,0,0,0,0,0,0,0,0,0,0,0,0,0,0,0,0,0,0,0,0,0,0,0,0,0,0,0,0,0,0,0,0,0,0,0,0,0,0,0,0,0,0,0,0,0,0,0,0,0,0,0,0,0,0,0,0,0,0,0,0,0,0,0,0,0,0,0,0,0,0,0,0,0,0,0,0,0,0,0,0,0,0,0,0,0,0,0,0,0,0,0,0,0,0,0,0,0,0,0,0.1,0.2,0.2,0,0,0,0,0,0,0,0,0,0,0,0,0,0,0,0,0,0,0,0,0,0.2,0.3,0.3,0.2,0.2,0.2,0.1,0,0,0,0,0,0,0,0,0,0,0,0,0,0,0,0,0,0.2,0.3,0.3,0.4,0.4,0.3,0.2,0,0,0,0,0,0,0,0,0,0,0,0,0,0,0,0,0,0.2,0.3,0.3,0.5,0.4,0.4,0.2,0,0,0,0,0,0,0,0,0,0,0,0,0,0,0,0,0,0.2,0.3,0.3,0.5,0.5,0.4,0.2,0,0,0,0,0,0,0,0,0,0,0,0,0,0,0,0,0,0.2,0.3,0.3,0.5,0.5,0.4,0.3,0.2,0.1,0,0,0,0,0,0,0,0,0,0,0,0,0,0,0,0.2,0.3,0.3,0.5,0.5,0.4,0.4,0.3,0.2,0,0,0,0,0,0,0,0,0,0,0,0,0,0,0,0.2,0.4,0.4,0.5,0.4,0.4,0.4,0.3,0.3,0.2,0.2,0.2,0.2,0.2,0.1,0,0,0,0,0,0,0,0,0,0.2,0.3,0.3,0.4,0.4,0.4,0.4,0.4,0.4,0.4,0.4,0.4,0.4,0.4,0.2,0,0,0,0,0,0,0,0,0,0.2,0.3,0.3,0.4,0.4,0.4,0.4,0.4,0.4,0.4,0.5,0.5,0.4,0.4,0.3,0.2,0.1,0,0,0,0,0,0,0,0.1,0.2,0.2,0.4,0.4,0.4,0.4,0.4,0.4,0.5,0.5,0.5,0.5,0.4,0.4,0.3,0.2,0,0,0,0,0,0,0,0,0,0,0.4,0.4,0.4,0.4,0.4,0.4,0.5,0.5,0.5,0.5,0.4,0.4,0.3,0.2,0,0,0,0,0,0,0,0,0,0]",422,28.4,38.16%,0.0100,0.0253
1785909055708,0.663,0.9,"(11, 8)",0.4,653.125,"[0,0,0,0.4,0.2,0,0,0,0,0,0,0,0.2,0.3,0.3,0.4,0.4,0.5,0.5,0.6,0.6,0,0,0,0,0,0,0.2,0.1,0,0,0,0,0,0,0,0.1,0.2,0.2,0.2,0.3,0.4,0.5,0.6,0.6,0,0,0,0,0,0,0,0,0,0,0,0,0,0,0,0,0,0,0,0.2,0.4,0.5,0.6,0.6,0,0,0,0,0,0,0,0,0,0,0,0,0,0,0,0,0,0,0,0.2,0.4,0.4,0.5,0.5,0,0,0,0,0,0,0,0,0,0,0,0,0,0,0,0,0,0,0,0.2,0.3,0.4,0.4,0.4,0,0,0,0,0,0,0,0,0,0,0,0,0,0,0,0,0,0,0,0.1,0.2,0.3,0.4,0.4,0,0,0,0,0,0,0,0,0,0,0,0,0,0,0,0,0,0,0,0,0,0.2,0.3,0.3,0,0,0,0,0,0,0.2,0.2,0.2,0.2,0.2,0.2,0.2,0.2,0.2,0.1,0,0,0,0,0,0.2,0.4,0.4,0,0,0,0,0,0,0.4,0.4,0.5,0.5,0.5,0.4,0.4,0.4,0.3,0.2,0,0,0,0,0,0.2,0.4,0.4,0,0,0,0,0,0,0.5,0.6,0.6,0.6,0.6,0.6,0.5,0.5,0.4,0.3,0.2,0.2,0.2,0.2,0.2,0.3,0.4,0.4,0,0,0,0,0,0,0.2,0.4,0.5,0.6,0.7,0.8,0.8,0.8,0.7,0.7,0.6,0.6,0.5,0.4,0.4,0.4,0.4,0.4,0.4,0.5,0.5,0,0.1,0.2,0.3,0.4,0.6,0.7,0.8,0.9,0.9,0.9,0.8,0.7,0.7,0.6,0.5,0.5,0.4,0.4,0.4,0.4,0.4,0.5,0.5,0,0.2,0.3,0.4,0.5,0.6,0.7,0.8,0.9,0.9,0.9,0.8,0.8,0.7,0.6,0.6,0.5,0.4,0.4,0.4,0.4,0.4,0.4,0.4,0.2,0.2,0.3,0.4,0.4,0.5,0.6,0.7,0.8,0.8,0.8,0.7,0.7,0.6,0.6,0.5,0.4,0.3,0.2,0.2,0.2,0.2,0.2,0.2,0.3,0.3,0.3,0.3,0.4,0.4,0.5,0.6,0.6,0.6,0.7,0.6,0.6,0.6,0.5,0.4,0.4,0.2,0,0,0,0,0,0,0.4,0.3,0.3,0.3,0.2,0.3,0.4,0.5,0.5,0.5,0.5,0.5,0.5,0.5,0.4,0.4,0.3,0.2,0,0,0,0,0,0,0.4,0.4,0.3,0.2,0,0.2,0.3,0.3,0.4,0.4,0.4,0.4,0.4,0.4,0.4,0.3,0.3,0.2,0,0,0,0,0,0,0.4,0.4,0.4,0.3,0.2,0.2,0.2,0.2,0.2,0.2,0.2,0.2,0.2,0.2,0.2,0.3,0.3,0.3,0.2,0.1,0,0,0,0,0.4,0.4,0.4,0.3,0.3,0.2,0,0,0,0,0,0,0,0,0,0.2,0.3,0.3,0.3,0.2,0,0,0,0,0.2,0.2,0.2,0.2,0.2,0.1,0,0,0,0,0,0,0,0,0,0.2,0.3,0.3,0.3,0.2,0,0,0,0,0,0,0,0,0,0,0,0,0,0,0,0,0,0,0,0.2,0.3,0.3,0.3,0.2,0,0,0,0,0,0,0,0,0,0,0,0,0,0,0,0,0,0,0,0.2,0.3,0.3,0.2,0.1,0,0,0,0,0,0,0,0,0,0,0,0,0,0,0,0,0,0,0,0.2,0.3,0.2,0,0,0,0,0,0,0,0,0,0,0,0,0,0,0,0,0,0,0,0,0,0.1,0.2,0.1,0,0,0,0,0,0,0,0,0,0,0,0,0,0,0,0,0,0,0,0,0,0,0,0,0,0,0,0,0,0,0,0,0,0,0,0,0,0,0,0,0,0,0,0,0,0,0,0,0,0,0,0,0,0,0,0,0,0,0,0,0,0,0,0,0,0,0,0,0,0,0,0,0,0,0,0,0,0,0,0,0,0,0,0,0,0,0,0,0,0,0,0,0,0,0,0,0,0,0,0,0,0,0,0,0,0,0,0,0,0,0,0,0,0,0,0,0,0,0,0,0,0,0,0,0,0,0,0,0,0,0,0,0,0,0,0,0,0,0,0,0,0,0,0,0,0,0,0,0,0,0,0,0,0,0,0,0,0,0,0,0,0,0,0,0,0,0,0,0,0,0,0,0,0,0,0,0,0,0,0,0,0,0,0,0,0,0,0,0,0,0,0,0,0,0,0,0,0,0,0,0,0,0,0,0,0,0,0,0,0,0,0,0,0,0,0,0,0,0,0,0,0,0,0,0,0,0,0,0,0,0,0,0,0,0,0,0,0,0,0,0,0,0,0,0,0,0,0,0,0,0,0,0,0,0,0,0,0,0,0,0,0,0,0,0,0,0,0,0,0,0,0,0,0,0,0,0,0,0,0,0,0,0,0,0,0,0,0,0,0,0,0,0,0,0,0,0,0,0,0,0,0,0,0,0,0,0,0,0,0,0,0,0,0,0,0,0,0,0,0,0,0,0,0,0,0,0,0,0,0,0,0,0,0,0,0,0,0,0,0,0,0,0,0,0,0,0,0,0,0,0,0,0,0,0,0,0,0,0,0,0,0,0,0,0,0,0,0,0,0,0,0,0,0,0,0,0,0,0,0,0,0,0,0,0,0,0,0,0,0,0,0,0,0,0,0,0,0,0,0,0,0,0,0,0,0,0,0,0,0,0,0,0,0,0,0,0,0,0,0,0,0,0,0,0,0,0,0,0,0,0,0,0,0,0,0.1,0.2,0.2,0,0,0,0,0,0,0,0,0,0,0,0,0,0,0,0,0,0,0,0,0,0.2,0.3,0.3,0.2,0.2,0.2,0.1,0,0,0,0,0,0,0,0,0,0,0,0,0,0,0,0,0,0.2,0.3,0.3,0.4,0.4,0.3,0.2,0,0,0,0,0,0,0,0,0,0,0,0,0,0,0,0,0,0.2,0.3,0.3,0.5,0.4,0.4,0.2,0,0,0,0,0,0,0,0,0,0,0,0,0,0,0,0,0,0.2,0.3,0.3,0.5,0.5,0.4,0.2,0,0,0,0,0,0,0,0,0,0,0,0,0,0,0,0,0,0.2,0.3,0.3,0.5,0.5,0.4,0.3,0.2,0.1,0,0,0,0,0,0,0,0,0,0,0,0,0,0,0,0.2,0.3,0.3,0.5,0.5,0.4,0.4,0.3,0.2,0,0,0,0,0,0,0,0,0,0,0,0,0,0,0,0.2,0.4,0.4,0.5,0.4,0.4,0.4,0.3,0.3,0.2,0.2,0.2,0.2,0.2,0.1,0,0,0,0,0,0,0,0,0,0.2,0.3,0.3,0.4,0.4,0.4,0.4,0.4,0.4,0.4,0.4,0.4,0.4,0.4,0.2,0,0,0,0,0,0,0,0,0,0.2,0.3,0.3,0.4,0.4,0.4,0.4,0.4,0.4,0.4,0.5,0.5,0.4,0.4,0.3,0.2,0.1,0,0,0,0,0,0,0,0.1,0.2,0.2,0.4,0.4,0.3,0.4,0.4,0.4,0.5,0.5,0.5,0.5,0.4,0.4,0.3,0.2,0,0,0,0,0,0,0,0,0,0,0.4,0.4,0.3,0.4,0.4,0.4,0.5,0.5,0.5,0.5,0.4,0.4,0.3,0.2,0,0,0,0,0,0,0,0,0,0]",418,28.2,37.09%,0.0100,0.0253
1785909055791,0.746,0.9,"(11, 8)",0.4,659.375,"[0,0,0,0.4,0.3,0.3,0.2,0,0,0,0,0,0.2,0.3,0.3,0.4,0.4,0.5,0.6,0.7,0.7,0,0,0,0,0,0,0.2,0.2,0.2,0.1,0,0,0,0,0,0.1,0.2,0.2,0.2,0.3,0.4,0.5,0.6,0.6,0,0,0,0,0,0,0,0,0,0,0,0,0,0,0,0,0,0,0,0.2,0.4,0.5,0.6,0.6,0,0,0,0,0,0,0,0,0,0,0,0,0,0,0,0,0,0,0,0.2,0.4,0.4,0.5,0.5,0,0,0,0,0,0,0,0,0,0,0,0,0,0,0,0,0,0,0,0.2,0.3,0.4,0.4,0.4,0,0,0,0,0,0,0,0,0,0,0,0,0,0,0,0,0,0,0,0.1,0.2,0.3,0.4,0.4,0,0,0,0,0,0,0,0,0,0,0,0,0,0,0,0,0,0,0,0,0,0.2,0.3,0.3,0,0,0,0,0,0,0.2,0.2,0.2,0.2,0.2,0.2,0.2,0.2,0.2,0.1,0,0,0,0,0,0.2,0.4,0.4,0,0,0,0,0,0,0.4,0.4,0.5,0.5,0.5,0.4,0.4,0.4,0.3,0.2,0,0,0,0,0,0.2,0.4,0.4,0,0,0,0,0,0,0.5,0.6,0.7,0.6,0.6,0.6,0.5,0.5,0.4,0.3,0.2,0.2,0.2,0.2,0.2,0.3,0.4,0.4,0,0,0,0,0,0,0.2,0.4,0.5,0.7,0.7,0.8,0.8,0.8,0.8,0.7,0.6,0.6,0.5,0.4,0.4,0.4,0.4,0.4,0.4,0.5,0.5,0,0.1,0.2,0.3,0.4,0.6,0.7,0.8,0.9,0.9,0.9,0.8,0.7,0.7,0.6,0.5,0.5,0.4,0.4,0.4,0.4,0.4,0.5,0.5,0,0.2,0.3,0.4,0.5,0.6,0.7,0.8,0.9,0.9,0.9,0.8,0.8,0.7,0.6,0.6,0.5,0.4,0.4,0.4,0.4,0.4,0.4,0.4,0.2,0.2,0.3,0.4,0.4,0.5,0.6,0.7,0.8,0.8,0.8,0.7,0.7,0.6,0.6,0.5,0.4,0.3,0.2,0.2,0.2,0.2,0.2,0.2,0.3,0.3,0.3,0.3,0.4,0.4,0.5,0.6,0.6,0.7,0.7,0.6,0.6,0.6,0.5,0.4,0.4,0.2,0,0,0,0,0,0,0.4,0.3,0.3,0.3,0.2,0.3,0.4,0.5,0.5,0.5,0.5,0.5,0.5,0.5,0.4,0.4,0.3,0.2,0,0,0,0,0,0,0.4,0.4,0.3,0.2,0,0.2,0.3,0.3,0.4,0.4,0.4,0.4,0.4,0.4,0.4,0.3,0.3,0.2,0,0,0,0,0,0,0.4,0.4,0.4,0.3,0.2,0.2,0.2,0.2,0.2,0.2,0.2,0.2,0.2,0.2,0.2,0.3,0.3,0.2,0.2,0.1,0,0,0,0,0.4,0.4,0.4,0.3,0.3,0.2,0,0,0,0,0,0,0,0,0,0.2,0.3,0.3,0.3,0.2,0,0,0,0,0.2,0.2,0.2,0.2,0.2,0.1,0,0,0,0,0,0,0,0,0,0.2,0.3,0.3,0.3,0.2,0,0,0,0,0,0,0,0,0,0,0,0,0,0,0,0,0,0,0,0.2,0.3,0.3,0.3,0.2,0,0,0,0,0,0,0,0,0,0,0,0,0,0,0,0,0,0,0,0.2,0.3,0.3,0.2,0.1,0,0,0,0,0,0,0,0,0,0,0,0,0,0,0,0,0,0,0,0.2,0.3,0.2,0,0,0,0,0,0,0,0,0,0,0,0,0,0,0,0,0,0,0,0,0,0.1,0.2,0.1,0,0,0,0,0,0,0,0,0,0,0,0,0,0,0,0,0,0,0,0,0,0,0,0,0,0,0,0,0,0,0,0,0,0,0,0,0,0,0,0,0,0,0,0,0,0,0,0,0,0,0,0,0,0,0,0,0,0,0,0,0,0,0,0,0,0,0,0,0,0,0,0,0,0,0,0,0,0,0,0,0,0,0,0,0,0,0,0,0,0,0,0,0,0,0,0,0,0,0,0,0,0,0,0,0,0,0,0,0,0,0,0,0,0,0,0,0,0,0,0,0,0,0,0,0,0,0,0,0,0,0,0,0,0,0,0,0,0,0,0,0,0,0,0,0,0,0,0,0,0,0,0,0,0,0,0,0,0,0,0,0,0,0,0,0,0,0,0,0,0,0,0,0,0,0,0,0,0,0,0,0,0,0,0,0,0,0,0,0,0,0,0,0,0,0,0,0,0,0,0,0,0,0,0,0,0,0,0,0,0,0,0,0,0,0,0,0,0,0,0,0,0,0,0,0,0,0,0,0,0,0,0,0,0,0,0,0,0,0,0,0,0,0,0,0,0,0,0,0,0,0,0,0,0,0,0,0,0,0,0,0,0,0,0,0,0,0,0,0,0,0,0,0,0,0,0,0,0,0,0,0,0,0,0,0,0,0,0,0,0,0,0,0,0,0,0,0,0,0,0,0,0,0,0,0,0,0,0,0,0,0,0,0,0,0,0,0,0,0,0,0,0,0,0,0,0,0,0,0,0,0,0,0,0,0,0,0,0,0,0,0,0,0,0,0,0,0,0,0,0,0,0,0,0,0,0,0,0,0,0,0,0,0,0,0,0,0,0,0,0,0,0,0,0,0,0,0,0,0,0,0,0,0,0,0,0,0,0,0,0,0,0,0,0,0,0,0,0,0,0,0,0,0,0,0,0,0,0,0,0,0,0,0,0,0,0,0,0,0,0,0,0,0,0,0,0,0,0,0,0,0,0,0,0,0,0.1,0.2,0.2,0,0,0,0,0,0,0,0,0,0,0,0,0,0,0,0,0,0,0,0,0,0.2,0.3,0.3,0.2,0.2,0.2,0.1,0,0,0,0,0,0,0,0,0,0,0,0,0,0,0,0,0,0.2,0.3,0.3,0.4,0.4,0.3,0.2,0,0,0,0,0,0,0,0,0,0,0,0,0,0,0,0,0,0.2,0.3,0.3,0.5,0.4,0.4,0.2,0,0,0,0,0,0,0,0,0,0,0,0,0,0,0,0,0,0.2,0.3,0.3,0.5,0.5,0.4,0.2,0,0,0,0,0,0,0,0,0,0,0,0,0,0,0,0,0,0.2,0.3,0.3,0.5,0.5,0.4,0.3,0.2,0.1,0,0,0,0,0,0,0,0,0,0,0,0,0,0,0,0.2,0.3,0.3,0.5,0.5,0.4,0.4,0.3,0.2,0,0,0,0,0,0,0,0,0,0,0,0,0,0,0,0.2,0.4,0.4,0.5,0.4,0.4,0.4,0.3,0.3,0.2,0.2,0.2,0.2,0.2,0.1,0,0,0,0,0,0,0,0,0,0.2,0.3,0.3,0.4,0.4,0.4,0.4,0.4,0.4,0.4,0.4,0.4,0.4,0.4,0.2,0,0,0,0,0,0,0,0,0,0.2,0.3,0.3,0.4,0.4,0.4,0.4,0.4,0.4,0.4,0.5,0.5,0.4,0.4,0.3,0.2,0.1,0,0,0,0,0,0,0,0.1,0.2,0.2,0.4,0.4,0.3,0.4,0.4,0.4,0.5,0.5,0.5,0.5,0.4,0.4,0.3,0.2,0,0,0,0,0,0,0,0,0,0,0.4,0.4,0.3,0.4,0.4,0.4,0.5,0.5,0.5,0.5,0.4,0.4,0.3,0.2,0,0,0,0,0,0,0,0,0,0]",422,28.3,38.05%,0.0101,0.0253
1785909055873,0.828,0.9,"(11, 8)",0.4,675,"[0,0,0,0.4,0.3,0.3,0.2,0,0,0,0,0,0.2,0.3,0.3,0.4,0.4,0.5,0.5,0.6,0.6,0,0,0,0,0,0,0.2,0.2,0.2,0.1,0,0,0,0,0,0.1,0.2,0.2,0.2,0.3,0.4,0.5,0.6,0.6,0,0,0,0,0,0,0,0,0,0,0,0,0,0,0,0,0,0,0,0.2,0.4,0.5,0.6,0.6,0,0,0,0,0,0,0,0,0,0,0,0,0,0,0,0,0,0,0,0.2,0.4,0.4,0.5,0.5,0,0,0,0,0,0,0,0,0,0,0,0,0,0,0,0,0,0,0,0.2,0.3,0.4,0.4,0.4,0,0,0,0,0,0,0,0,0,0,0,0,0,0,0,0,0,0,0,0.1,0.2,0.3,0.4,0.4,0,0,0,0,0,0,0,0,0,0,0,0,0,0,0,0,0,0,0,0,0,0.2,0.3,0.3,0,0,0,0,0,0,0.2,0.2,0.2,0.2,0.2,0.2,0.2,0.2,0.2,0.1,0,0,0,0,0,0.2,0.4,0.4,0,0,0,0,0,0,0.4,0.4,0.5,0.5,0.5,0.4,0.4,0.4,0.3,0.2,0,0,0,0,0,0.2,0.4,0.4,0,0,0,0,0,0,0.5,0.6,0.6,0.6,0.6,0.6,0.5,0.5,0.4,0.3,0.2,0.2,0.2,0.2,0.2,0.3,0.4,0.4,0,0,0,0,0,0,0.2,0.4,0.5,0.7,0.7,0.8,0.8,0.8,0.7,0.7,0.6,0.6,0.5,0.4,0.4,0.4,0.4,0.4,0.4,0.5,0.5,0,0.1,0.2,0.3,0.4,0.6,0.7,0.8,0.9,0.9,0.9,0.8,0.7,0.7,0.6,0.5,0.5,0.4,0.4,0.4,0.4,0.4,0.5,0.5,0,0.2,0.3,0.4,0.5,0.6,0.7,0.8,0.9,0.9,0.9,0.8,0.8,0.7,0.6,0.6,0.5,0.4,0.4,0.4,0.4,0.4,0.4,0.4,0.2,0.2,0.3,0.4,0.4,0.5,0.6,0.7,0.8,0.8,0.8,0.7,0.7,0.6,0.6,0.5,0.4,0.3,0.2,0.2,0.2,0.2,0.2,0.2,0.3,0.3,0.3,0.4,0.4,0.4,0.5,0.6,0.6,0.7,0.7,0.6,0.6,0.6,0.5,0.4,0.4,0.2,0,0,0,0,0,0,0.4,0.3,0.3,0.3,0.2,0.3,0.4,0.5,0.5,0.5,0.5,0.5,0.5,0.5,0.4,0.4,0.4,0.2,0,0,0,0,0,0,0.4,0.4,0.3,0.2,0,0.2,0.3,0.3,0.4,0.4,0.4,0.4,0.4,0.4,0.4,0.3,0.3,0.2,0,0,0,0,0,0,0.4,0.4,0.4,0.3,0.2,0.2,0.2,0.2,0.2,0.2,0.2,0.2,0.2,0.2,0.2,0.3,0.3,0.3,0.2,0.1,0,0,0,0,0.4,0.4,0.4,0.4,0.3,0.2,0,0,0,0,0,0,0,0,0,0.2,0.3,0.3,0.3,0.2,0,0,0,0,0.2,0.2,0.2,0.2,0.2,0.1,0,0,0,0,0,0,0,0,0,0.2,0.3,0.3,0.4,0.3,0.2,0.1,0,0,0,0,0,0,0,0,0,0,0,0,0,0,0,0,0,0.2,0.3,0.4,0.4,0.3,0.3,0.2,0,0,0,0,0,0,0,0,0,0,0,0,0,0,0,0,0,0.2,0.3,0.3,0.3,0.2,0.2,0.1,0,0,0,0,0,0,0,0,0,0,0,0,0,0,0,0,0,0.2,0.3,0.3,0.3,0.2,0,0,0,0,0,0,0,0,0,0,0,0,0,0,0,0,0,0,0,0.1,0.2,0.2,0.2,0.1,0,0,0,0,0,0,0,0,0,0,0,0,0,0,0,0,0,0,0,0,0,0,0,0,0,0,0,0,0,0,0,0,0,0,0,0,0,0,0,0,0,0,0,0,0,0,0,0,0,0,0,0,0,0,0,0,0,0,0,0,0,0,0,0,0,0,0,0,0,0,0,0,0,0,0,0,0,0,0,0,0,0,0,0,0,0,0,0,0,0,0,0,0,0,0,0,0,0,0,0,0,0,0,0,0,0,0,0,0,0,0,0,0,0,0,0,0,0,0,0,0,0,0,0,0,0,0,0,0,0,0,0,0,0,0,0,0,0,0,0,0,0,0,0,0,0,0,0,0,0,0,0,0,0,0,0,0,0,0,0,0,0,0,0,0,0,0,0,0,0,0,0,0,0,0,0,0,0,0,0,0,0,0,0,0,0,0,0,0,0,0,0,0,0,0,0,0,0,0,0,0,0,0,0,0,0,0,0,0,0,0,0,0,0,0,0,0,0,0,0,0,0,0,0,0,0,0,0,0,0,0,0,0,0,0,0,0,0,0,0,0,0,0,0,0,0,0,0,0,0,0,0,0,0,0,0,0,0,0,0,0,0,0,0,0,0,0,0,0,0,0,0,0,0,0,0,0,0,0,0,0,0,0,0,0,0,0,0,0,0,0,0,0,0,0,0,0,0,0,0,0,0,0,0,0,0,0,0,0,0,0,0,0,0,0,0,0,0,0,0,0,0,0,0,0,0,0,0,0,0,0,0,0,0,0,0,0,0,0,0,0,0,0,0,0,0,0,0,0,0,0,0,0,0,0,0,0,0,0,0,0,0,0,0,0,0,0,0,0,0,0,0,0,0,0,0,0,0,0,0,0,0,0,0,0,0,0,0,0,0,0,0,0,0,0,0,0,0,0,0,0,0,0,0,0,0,0,0,0,0,0,0,0,0,0,0,0,0,0,0,0,0,0,0,0,0,0,0,0,0,0,0,0,0.1,0.2,0.2,0,0,0,0,0,0,0,0,0,0,0,0,0,0,0,0,0,0,0,0,0,0.2,0.3,0.3,0.2,0.2,0.2,0.1,0,0,0,0,0,0,0,0,0,0,0,0,0,0,0,0,0,0.2,0.3,0.3,0.4,0.4,0.3,0.2,0,0,0,0,0,0,0,0,0,0,0,0,0,0,0,0,0,0.2,0.3,0.3,0.5,0.4,0.4,0.2,0,0,0,0,0,0,0,0,0,0,0,0,0,0,0,0,0,0.2,0.3,0.3,0.6,0.5,0.5,0.2,0,0,0,0,0,0,0,0,0,0,0,0,0,0,0,0,0,0.2,0.3,0.3,0.5,0.5,0.4,0.3,0.2,0.1,0,0,0,0,0,0,0,0,0,0,0,0,0,0,0,0.2,0.3,0.3,0.5,0.5,0.4,0.4,0.3,0.2,0,0,0,0,0,0,0,0,0,0,0,0,0,0,0,0.2,0.4,0.4,0.5,0.4,0.4,0.4,0.3,0.3,0.2,0.2,0.2,0.2,0.2,0.1,0,0,0,0,0,0,0,0,0,0.2,0.3,0.3,0.4,0.4,0.4,0.4,0.4,0.4,0.4,0.4,0.4,0.4,0.4,0.2,0,0,0,0,0,0,0,0,0,0.2,0.3,0.3,0.4,0.4,0.4,0.4,0.4,0.4,0.4,0.5,0.5,0.4,0.4,0.3,0.2,0.1,0,0,0,0,0,0,0,0.1,0.2,0.2,0.4,0.4,0.4,0.4,0.4,0.4,0.5,0.5,0.5,0.5,0.4,0.4,0.3,0.2,0,0,0,0,0,0,0,0,0,0,0.4,0.4,0.4,0.4,0.4,0.4,0.5,0.5,0.5,0.5,0.4,0.4,0.3,0.2,0,0,0,0,0,0,0,0,0,0]",432,28.9,38.43%,0.0100,0.0253
1785909055957,0.912,0.9,"(11, 8)",0.4,675,"[0,0,0,0.4,0.3,0.3,0.2,0,0,0,0,0,0.2,0.3,0.3,0.4,0.4,0.5,0.6,0.6,0.6,0,0,0,0,0,0,0.2,0.2,0.2,0.1,0,0,0,0,0,0.1,0.2,0.2,0.2,0.3,0.4,0.5,0.6,0.6,0,0,0,0,0,0,0,0,0,0,0,0,0,0,0,0,0,0,0,0.2,0.4,0.5,0.6,0.6,0,0,0,0,0,0,0,0,0,0,0,0,0,0,0,0,0,0,0,0.2,0.4,0.4,0.5,0.5,0,0,0,0,0,0,0,0,0,0,0,0,0,0,0,0,0,0,0,0.2,0.3,0.4,0.4,0.4,0,0,0,0,0,0,0,0,0,0,0,0,0,0,0,0,0,0,0,0.1,0.2,0.3,0.4,0.4,0,0,0,0,0,0,0,0,0,0,0,0,0,0,0,0,0,0,0,0,0,0.2,0.3,0.3,0,0,0,0,0,0,0.2,0.2,0.2,0.2,0.2,0.2,0.2,0.2,0.2,0.1,0,0,0,0,0,0.2,0.4,0.4,0,0,0,0,0,0,0.4,0.4,0.5,0.5,0.5,0.4,0.4,0.4,0.3,0.2,0,0,0,0,0,0.2,0.4,0.4,0,0,0,0,0,0,0.5,0.6,0.6,0.6,0.6,0.6,0.5,0.5,0.4,0.3,0.2,0.2,0.2,0.2,0.2,0.3,0.4,0.4,0,0,0,0,0,0,0.2,0.4,0.5,0.7,0.7,0.8,0.8,0.8,0.7,0.7,0.6,0.6,0.5,0.4,0.4,0.4,0.4,0.4,0.4,0.5,0.5,0,0.1,0.2,0.3,0.4,0.6,0.7,0.8,0.9,0.9,0.9,0.8,0.7,0.7,0.6,0.5,0.5,0.4,0.4,0.4,0.4,0.4,0.5,0.5,0,0.2,0.3,0.4,0.5,0.6,0.7,0.8,0.9,0.9,0.9,0.8,0.8,0.7,0.6,0.6,0.5,0.4,0.4,0.4,0.4,0.4,0.4,0.4,0.2,0.2,0.3,0.4,0.4,0.5,0.6,0.7,0.8,0.8,0.8,0.7,0.7,0.6,0.6,0.5,0.4,0.3,0.2,0.2,0.2,0.2,0.2,0.2,0.3,0.3,0.3,0.3,0.4,0.4,0.5,0.6,0.6,0.7,0.7,0.6,0.6,0.6,0.5,0.4,0.4,0.2,0,0,0,0,0,0,0.4,0.3,0.3,0.3,0.2,0.3,0.4,0.5,0.5,0.5,0.5,0.5,0.5,0.5,0.4,0.4,0.4,0.2,0,0,0,0,0,0,0.4,0.4,0.3,0.2,0,0.2,0.3,0.3,0.4,0.4,0.4,0.4,0.4,0.4,0.4,0.3,0.3,0.2,0,0,0,0,0,0,0.4,0.4,0.4,0.3,0.2,0.2,0.2,0.2,0.2,0.2,0.2,0.2,0.2,0.2,0.2,0.3,0.3,0.3,0.2,0.1,0,0,0,0,0.4,0.4,0.4,0.3,0.3,0.2,0,0,0,0,0,0,0,0,0,0.2,0.3,0.3,0.3,0.2,0,0,0,0,0.2,0.2,0.2,0.2,0.2,0.1,0,0,0,0,0,0,0,0,0,0.2,0.3,0.3,0.3,0.3,0.2,0.1,0,0,0,0,0,0,0,0,0,0,0,0,0,0,0,0,0,0.2,0.3,0.4,0.4,0.3,0.3,0.2,0,0,0,0,0,0,0,0,0,0,0,0,0,0,0,0,0,0.2,0.3,0.3,0.3,0.2,0.2,0.1,0,0,0,0,0,0,0,0,0,0,0,0,0,0,0,0,0,0.2,0.3,0.3,0.3,0.2,0,0,0,0,0,0,0,0,0,0,0,0,0,0,0,0,0,0,0,0.1,0.2,0.2,0.2,0.1,0,0,0,0,0,0,0,0,0,0,0,0,0,0,0,0,0,0,0,0,0,0,0,0,0,0,0,0,0,0,0,0,0,0,0,0,0,0,0,0,0,0,0,0,0,0,0,0,0,0,0,0,0,0,0,0,0,0,0,0,0,0,0,0,0,0,0,0,0,0,0,0,0,0,0,0,0,0,0,0,0,0,0,0,0,0,0,0,0,0,0,0,0,0,0,0,0,0,0,0,0,0,0,0,0,0,0,0,0,0,0,0,0,0,0,0,0,0,0,0,0,0,0,0,0,0,0,0,0,0,0,0,0,0,0,0,0,0,0,0,0,0,0,0,0,0,0,0,0,0,0,0,0,0,0,0,0,0,0,0,0,0,0,0,0,0,0,0,0,0,0,0,0,0,0,0,0,0,0,0,0,0,0,0,0,0,0,0,0,0,0,0,0,0,0,0,0,0,0,0,0,0,0,0,0,0,0,0,0,0,0,0,0,0,0,0,0,0,0,0,0,0,0,0,0,0,0,0,0,0,0,0,0,0,0,0,0,0,0,0,0,0,0,0,0,0,0,0,0,0,0,0,0,0,0,0,0,0,0,0,0,0,0,0,0,0,0,0,0,0,0,0,0,0,0,0,0,0,0,0,0,0,0,0,0,0,0,0,0,0,0,0,0,0,0,0,0,0,0,0,0,0,0,0,0,0,0,0,0,0,0,0,0,0,0,0,0,0,0,0,0,0,0,0,0,0,0,0,0,0,0,0,0,0,0,0,0,0,0,0,0,0,0,0,0,0,0,0,0,0,0,0,0,0,0,0,0,0,0,0,0,0,0,0,0,0,0,0,0,0,0,0,0,0,0,0,0,0,0,0,0,0,0,0,0,0,0,0,0,0,0,0,0,0,0,0,0,0,0,0,0,0,0,0,0,0,0,0,0,0,0,0,0,0,0,0,0,0,0,0,0,0,0,0,0,0,0,0,0,0,0,0,0,0.1,0.2,0.2,0,0,0,0,0,0,0,0,0,0,0,0,0,0,0,0,0,0,0,0,0,0.2,0.3,0.3,0.2,0.2,0.2,0.1,0,0,0,0,0,0,0,0,0,0,0,0,0,0,0,0,0,0.2,0.3,0.3,0.4,0.4,0.3,0.2,0,0,0,0,0,0,0,0,0,0,0,0,0,0,0,0,0,0.2,0.3,0.3,0.5,0.4,0.4,0.2,0,0,0,0,0,0,0,0,0,0,0,0,0,0,0,0,0,0.2,0.3,0.3,0.6,0.5,0.5,0.2,0,0,0,0,0,0,0,0,0,0,0,0,0,0,0,0,0,0.2,0.3,0.3,0.5,0.5,0.4,0.3,0.2,0.1,0,0,0,0,0,0,0,0,0,0,0,0,0,0,0,0.2,0.3,0.3,0.5,0.5,0.4,0.4,0.3,0.2,0,0,0,0,0,0,0,0,0,0,0,0,0,0,0,0.2,0.4,0.4,0.5,0.4,0.4,0.4,0.3,0.3,0.2,0.2,0.2,0.2,0.2,0.1,0,0,0,0,0,0,0,0,0,0.2,0.3,0.3,0.4,0.4,0.4,0.4,0.4,0.4,0.4,0.4,0.4,0.4,0.4,0.2,0,0,0,0,0,0,0,0,0,0.2,0.3,0.3,0.4,0.4,0.4,0.4,0.4,0.4,0.4,0.5,0.5,0.4,0.4,0.3,0.2,0.1,0,0,0,0,0,0,0,0.1,0.2,0.2,0.4,0.4,0.4,0.4,0.4,0.4,0.5,0.5,0.5,0.5,0.4,0.4,0.3,0.2,0,0,0,0,0,0,0,0,0,0,0.4,0.4,0.4,0.4,0.4,0.4,0.5,0.5,0.5,0.5,0.4,0.4,0.3,0.2,0,0,0,0,0,0,0,0,0,0]",432,28.9,38.49%,0.0100,0.0253
1785909056041,0.996,0.9,"(11, 8)",0.4,675,"[0,0,0,0.4,0.3,0.3,0.2,0,0,0,0,0,0.2,0.3,0.3,0.4,0.4,0.5,0.6,0.6,0.6,0,0,0,0,0,0,0.2,0.2,0.2,0.1,0,0,0,0,0,0.1,0.2,0.2,0.2,0.3,0.4,0.5,0.6,0.6,0,0,0,0,0,0,0,0,0,0,0,0,0,0,0,0,0,0,0,0.2,0.4,0.5,0.6,0.6,0,0,0,0,0,0,0,0,0,0,0,0,0,0,0,0,0,0,0,0.2,0.4,0.4,0.5,0.5,0,0,0,0,0,0,0,0,0,0,0,0,0,0,0,0,0,0,0,0.2,0.3,0.4,0.4,0.4,0,0,0,0,0,0,0,0,0,0,0,0,0,0,0,0,0,0,0,0.1,0.2,0.3,0.4,0.4,0,0,0,0,0,0,0,0,0,0,0,0,0,0,0,0,0,0,0,0,0,0.2,0.3,0.3,0,0,0,0,0,0,0.2,0.2,0.2,0.2,0.2,0.2,0.2,0.2,0.2,0.1,0,0,0,0,0,0.2,0.4,0.4,0,0,0,0,0,0,0.4,0.4,0.5,0.5,0.5,0.4,0.4,0.4,0.3,0.2,0,0,0,0,0,0.2,0.4,0.4,0,0,0,0,0,0,0.5,0.6,0.6,0.6,0.6,0.6,0.5,0.5,0.4,0.3,0.2,0.2,0.2,0.2,0.2,0.3,0.4,0.4,0,0,0,0,0,0,0.2,0.4,0.5,0.7,0.7,0.8,0.8,0.8,0.7,0.7,0.6,0.6,0.5,0.4,0.4,0.4,0.4,0.4,0.4,0.5,0.5,0,0.1,0.2,0.3,0.4,0.6,0.7,0.8,0.9,0.9,0.9,0.8,0.7,0.7,0.6,0.5,0.5,0.4,0.4,0.4,0.4,0.4,0.5,0.5,0,0.2,0.3,0.4,0.5,0.6,0.7,0.8,0.9,0.9,0.9,0.8,0.8,0.7,0.6,0.6,0.5,0.4,0.4,0.4,0.4,0.4,0.4,0.4,0.2,0.2,0.3,0.4,0.4,0.5,0.6,0.7,0.8,0.8,0.8,0.7,0.7,0.6,0.6,0.5,0.4,0.3,0.2,0.2,0.2,0.2,0.2,0.2,0.3,0.3,0.3,0.4,0.4,0.4,0.5,0.6,0.6,0.7,0.7,0.6,0.6,0.6,0.5,0.4,0.4,0.2,0,0,0,0,0,0,0.4,0.3,0.3,0.3,0.2,0.3,0.4,0.5,0.5,0.5,0.5,0.5,0.5,0.5,0.4,0.4,0.4,0.2,0,0,0,0,0,0,0.4,0.4,0.3,0.2,0,0.2,0.3,0.3,0.4,0.4,0.4,0.4,0.4,0.4,0.4,0.3,0.3,0.2,0,0,0,0,0,0,0.4,0.4,0.4,0.3,0.2,0.2,0.2,0.2,0.2,0.2,0.2,0.2,0.2,0.2,0.2,0.3,0.3,0.3,0.2,0.1,0,0,0,0,0.4,0.4,0.4,0.3,0.3,0.2,0,0,0,0,0,0,0,0,0,0.2,0.3,0.3,0.3,0.2,0,0,0,0,0.2,0.2,0.2,0.2,0.2,0.1,0,0,0,0,0,0,0,0,0,0.2,0.3,0.3,0.4,0.3,0.2,0.1,0,0,0,0,0,0,0,0,0,0,0,0,0,0,0,0,0,0.2,0.3,0.4,0.4,0.3,0.3,0.2,0,0,0,0,0,0,0,0,0,0,0,0,0,0,0,0,0,0.2,0.3,0.3,0.3,0.2,0.2,0.1,0,0,0,0,0,0,0,0,0,0,0,0,0,0,0,0,0,0.2,0.3,0.3,0.3,0.2,0,0,0,0,0,0,0,0,0,0,0,0,0,0,0,0,0,0,0,0.1,0.2,0.2,0.2,0.1,0,0,0,0,0,0,0,0,0,0,0,0,0,0,0,0,0,0,0,0,0,0,0,0,0,0,0,0,0,0,0,0,0,0,0,0,0,0,0,0,0,0,0,0,0,0,0,0,0,0,0,0,0,0,0,0,0,0,0,0,0,0,0,0,0,0,0,0,0,0,0,0,0,0,0,0,0,0,0,0,0,0,0,0,0,0,0,0,0,0,0,0,0,0,0,0,0,0,0,0,0,0,0,0,0,0,0,0,0,0,0,0,0,0,0,0,0,0,0,0,0,0,0,0,0,0,0,0,0,0,0,0,0,0,0,0,0,0,0,0,0,0,0,0,0,0,0,0,0,0,0,0,0,0,0,0,0,0,0,0,0,0,0,0,0,0,0,0,0,0,0,0,0,0,0,0,0,0,0,0,0,0,0,0,0,0,0,0,0,0,0,0,0,0,0,0,0,0,0,0,0,0,0,0,0,0,0,0,0,0,0,0,0,0,0,0,0,0,0,0,0,0,0,0,0,0,0,0,0,0,0,0,0,0,0,0,0,0,0,0,0,0,0,0,0,0,0,0,0,0,0,0,0,0,0,0,0,0,0,0,0,0,0,0,0,0,0,0,0,0,0,0,0,0,0,0,0,0,0,0,0,0,0,0,0,0,0,0,0,0,0,0,0,0,0,0,0,0,0,0,0,0,0,0,0,0,0,0,0,0,0,0,0,0,0,0,0,0,0,0,0,0,0,0,0,0,0,0,0,0,0,0,0,0,0,0,0,0,0,0,0,0,0,0,0,0,0,0,0,0,0,0,0,0,0,0,0,0,0,0,0,0,0,0,0,0,0,0,0,0,0,0,0,0,0,0,0,0,0,0,0,0,0,0,0,0,0,0,0,0,0,0,0,0,0,0,0,0,0,0,0,0,0,0,0,0,0,0,0,0,0,0,0,0,0,0,0,0,0,0,0,0,0,0,0,0,0,0,0,0,0,0,0,0.1,0.2,0.2,0,0,0,0,0,0,0,0,0,0,0,0,0,0,0,0,0,0,0,0,0,0.2,0.3,0.3,0.2,0.2,0.2,0.1,0,0,0,0,0,0,0,0,0,0,0,0,0,0,0,0,0,0.2,0.3,0.3,0.4,0.4,0.3,0.2,0,0,0,0,0,0,0,0,0,0,0,0,0,0,0,0,0,0.2,0.3,0.3,0.5,0.4,0.4,0.2,0,0,0,0,0,0,0,0,0,0,0,0,0,0,0,0,0,0.2,0.3,0.3,0.5,0.5,0.4,0.2,0,0,0,0,0,0,0,0,0,0,0,0,0,0,0,0,0,0.2,0.3,0.3,0.5,0.5,0.4,0.3,0.2,0.1,0,0,0,0,0,0,0,0,0,0,0,0,0,0,0,0.2,0.3,0.3,0.5,0.5,0.4,0.4,0.3,0.2,0,0,0,0,0,0,0,0,0,0,0,0,0,0,0,0.2,0.4,0.4,0.5,0.4,0.4,0.4,0.3,0.3,0.2,0.2,0.2,0.2,0.2,0.1,0,0,0,0,0,0,0,0,0,0.2,0.4,0.4,0.4,0.4,0.4,0.4,0.4,0.4,0.4,0.4,0.4,0.4,0.4,0.2,0,0,0,0,0,0,0,0,0,0.2,0.3,0.3,0.4,0.4,0.4,0.4,0.4,0.4,0.4,0.5,0.5,0.4,0.4,0.3,0.2,0.1,0,0,0,0,0,0,0,0.1,0.2,0.2,0.4,0.4,0.4,0.4,0.4,0.4,0.5,0.5,0.5,0.5,0.4,0.4,0.3,0.2,0,0,0,0,0,0,0,0,0,0,0.4,0.4,0.4,0.4,0.4,0.4,0.5,0.5,0.5,0.5,0.4,0.4,0.3,0.2,0,0,0,0,0,0,0,0,0,0]",432,29.0,38.76%,0.0100,0.0253
1785909056122,1.077,0.9,"(11, 8)",0.4,668.75,"[0,0,0,0.4,0.2,0,0,0,0,0,0,0,0.2,0.3,0.3,0.4,0.4,0.5,0.6,0.6,0.6,0,0,0,0,0,0,0.2,0.1,0,0,0,0,0,0,0,0.1,0.2,0.2,0.2,0.3,0.4,0.5,0.6,0.6,0,0,0,0,0,0,0,0,0,0,0,0,0,0,0,0,0,0,0,0.2,0.4,0.5,0.6,0.6,0,0,0,0,0,0,0,0,0,0,0,0,0,0,0,0,0,0,0,0.2,0.4,0.4,0.5,0.5,0,0,0,0,0,0,0,0,0,0,0,0,0,0,0,0,0,0,0,0.2,0.3,0.4,0.4,0.4,0,0,0,0,0,0,0,0,0,0,0,0,0,0,0,0,0,0,0,0.1,0.2,0.3,0.4,0.4,0,0,0,0,0,0,0,0,0,0,0,0,0,0,0,0,0,0,0,0,0,0.2,0.3,0.3,0,0,0,0,0,0,0.2,0.2,0.2,0.2,0.2,0.2,0.2,0.2,0.2,0.1,0,0,0,0,0,0.2,0.4,0.4,0,0,0,0,0,0,0.4,0.4,0.5,0.5,0.5,0.4,0.4,0.4,0.3,0.2,0,0,0,0,0,0.2,0.4,0.4,0,0,0,0,0,0,0.5,0.6,0.6,0.6,0.6,0.6,0.5,0.5,0.4,0.3,0.2,0.2,0.2,0.2,0.2,0.3,0.4,0.4,0,0,0,0,0,0,0.2,0.4,0.5,0.6,0.7,0.8,0.8,0.8,0.7,0.7,0.6,0.6,0.5,0.4,0.4,0.4,0.4,0.4,0.4,0.5,0.5,0,0.1,0.2,0.3,0.4,0.6,0.7,0.8,0.9,0.9,0.9,0.8,0.7,0.7,0.6,0.5,0.5,0.4,0.4,0.4,0.4,0.4,0.5,0.5,0,0.2,0.3,0.4,0.5,0.6,0.7,0.8,0.9,0.9,0.9,0.8,0.8,0.7,0.6,0.6,0.5,0.4,0.4,0.4,0.4,0.4,0.4,0.4,0.2,0.2,0.3,0.4,0.4,0.5,0.6,0.7,0.8,0.8,0.8,0.7,0.7,0.6,0.6,0.5,0.4,0.3,0.2,0.2,0.2,0.2,0.2,0.2,0.3,0.3,0.3,0.3,0.4,0.4,0.5,0.6,0.6,0.7,0.7,0.6,0.6,0.6,0.5,0.4,0.4,0.2,0,0,0,0,0,0,0.4,0.3,0.3,0.3,0.2,0.3,0.4,0.5,0.5,0.5,0.5,0.5,0.5,0.5,0.4,0.4,0.4,0.2,0,0,0,0,0,0,0.4,0.4,0.3,0.2,0,0.2,0.3,0.3,0.4,0.4,0.4,0.4,0.4,0.4,0.4,0.3,0.3,0.2,0,0,0,0,0,0,0.4,0.4,0.4,0.3,0.2,0.2,0.2,0.2,0.2,0.2,0.2,0.2,0.2,0.2,0.2,0.3,0.3,0.3,0.2,0.1,0,0,0,0,0.4,0.4,0.4,0.3,0.3,0.2,0,0,0,0,0,0,0,0,0,0.2,0.3,0.3,0.3,0.2,0,0,0,0,0.2,0.2,0.2,0.2,0.2,0.1,0,0,0,0,0,0,0,0,0,0.2,0.3,0.3,0.3,0.3,0.2,0.1,0,0,0,0,0,0,0,0,0,0,0,0,0,0,0,0,0,0.2,0.3,0.3,0.4,0.3,0.3,0.2,0,0,0,0,0,0,0,0,0,0,0,0,0,0,0,0,0,0.2,0.3,0.3,0.3,0.2,0.2,0.1,0,0,0,0,0,0,0,0,0,0,0,0,0,0,0,0,0,0.2,0.3,0.3,0.3,0.2,0,0,0,0,0,0,0,0,0,0,0,0,0,0,0,0,0,0,0,0.1,0.2,0.2,0.2,0.1,0,0,0,0,0,0,0,0,0,0,0,0,0,0,0,0,0,0,0,0,0,0,0,0,0,0,0,0,0,0,0,0,0,0,0,0,0,0,0,0,0,0,0,0,0,0,0,0,0,0,0,0,0,0,0,0,0,0,0,0,0,0,0,0,0,0,0,0,0,0,0,0,0,0,0,0,0,0,0,0,0,0,0,0,0,0,0,0,0,0,0,0,0,0,0,0,0,0,0,0,0,0,0,0,0,0,0,0,0,0,0,0,0,0,0,0,0,0,0,0,0,0,0,0,0,0,0,0,0,0,0,0,0,0,0,0,0,0,0,0,0,0,0,0,0,0,0,0,0,0,0,0,0,0,0,0,0,0,0,0,0,0,0,0,0,0,0,0,0,0,0,0,0,0,0,0,0,0,0,0,0,0,0,0,0,0,0,0,0,0,0,0,0,0,0,0,0,0,0,0,0,0,0,0,0,0,0,0,0,0,0,0,0,0,0,0,0,0,0,0,0,0,0,0,0,0,0,0,0,0,0,0,0,0,0,0,0,0,0,0,0,0,0,0,0,0,0,0,0,0,0,0,0,0,0,0,0,0,0,0,0,0,0,0,0,0,0,0,0,0,0,0,0,0,0,0,0,0,0,0,0,0,0,0,0,0,0,0,0,0,0,0,0,0,0,0,0,0,0,0,0,0,0,0,0,0,0,0,0,0,0,0,0,0,0,0,0,0,0,0,0,0,0,0,0,0,0,0,0,0,0,0,0,0,0,0,0,0,0,0,0,0,0,0,0,0,0,0,0,0,0,0,0,0,0,0,0,0,0,0,0,0,0,0,0,0,0,0,0,0,0,0,0,0,0,0,0,0,0,0,0,0,0,0,0,0,0,0,0,0,0,0,0,0,0,0,0,0,0,0,0,0,0,0,0,0,0,0,0,0,0,0,0,0,0,0,0,0,0,0,0,0,0,0,0,0,0,0,0,0,0,0,0,0.1,0.2,0.2,0,0,0,0,0,0,0,0,0,0,0,0,0,0,0,0,0,0,0,0,0,0.2,0.3,0.3,0.2,0.2,0.2,0.1,0,0,0,0,0,0,0,0,0,0,0,0,0,0,0,0,0,0.2,0.3,0.3,0.4,0.4,0.3,0.2,0,0,0,0,0,0,0,0,0,0,0,0,0,0,0,0,0,0.2,0.3,0.3,0.5,0.4,0.4,0.2,0,0,0,0,0,0,0,0,0,0,0,0,0,0,0,0,0,0.2,0.3,0.3,0.6,0.5,0.5,0.2,0,0,0,0,0,0,0,0,0,0,0,0,0,0,0,0,0,0.2,0.3,0.3,0.5,0.5,0.4,0.3,0.2,0.1,0,0,0,0,0,0,0,0,0,0,0,0,0,0,0,0.2,0.3,0.3,0.5,0.5,0.4,0.4,0.3,0.2,0,0,0,0,0,0,0,0,0,0,0,0,0,0,0,0.2,0.4,0.4,0.5,0.4,0.4,0.4,0.3,0.3,0.2,0.2,0.2,0.2,0.2,0.1,0,0,0,0,0,0,0,0,0,0.2,0.3,0.3,0.4,0.4,0.4,0.4,0.4,0.4,0.4,0.4,0.4,0.4,0.4,0.2,0,0,0,0,0,0,0,0,0,0.2,0.3,0.3,0.4,0.4,0.4,0.4,0.4,0.4,0.4,0.5,0.5,0.4,0.4,0.3,0.2,0.1,0,0,0,0,0,0,0,0.1,0.2,0.2,0.4,0.4,0.4,0.4,0.4,0.4,0.5,0.5,0.5,0.5,0.4,0.4,0.3,0.2,0,0,0,0,0,0,0,0,0,0,0.4,0.4,0.4,0.4,0.4,0.4,0.5,0.5,0.5,0.5,0.4,0.4,0.3,0.2,0,0,0,0,0,0,0,0,0,0]",428,28.7,37.44%,0.0099,0.0253
1785909056206,1.161,0.9,"(11, 8)",0.4,653.125,"[0,0,0,0.4,0.2,0,0,0,0,0,0,0,0.2,0.3,0.3,0.4,0.4,0.5,0.5,0.6,0.6,0,0,0,0,0,0,0.2,0.1,0,0,0,0,0,0,0,0.1,0.2,0.2,0.2,0.3,0.4,0.5,0.6,0.6,0,0,0,0,0,0,0,0,0,0,0,0,0,0,0,0,0,0,0,0.2,0.4,0.5,0.6,0.6,0,0,0,0,0,0,0,0,0,0,0,0,0,0,0,0,0,0,0,0.2,0.4,0.4,0.5,0.5,0,0,0,0,0,0,0,0,0,0,0,0,0,0,0,0,0,0,0,0.2,0.3,0.4,0.4,0.4,0,0,0,0,0,0,0,0,0,0,0,0,0,0,0,0,0,0,0,0.1,0.2,0.3,0.4,0.4,0,0,0,0,0,0,0,0,0,0,0,0,0,0,0,0,0,0,0,0,0,0.2,0.3,0.3,0,0,0,0,0,0,0.2,0.2,0.2,0.2,0.2,0.2,0.2,0.2,0.2,0.1,0,0,0,0,0,0.2,0.4,0.4,0,0,0,0,0,0,0.4,0.4,0.5,0.5,0.4,0.4,0.4,0.4,0.3,0.2,0,0,0,0,0,0.2,0.4,0.4,0,0,0,0,0,0,0.5,0.6,0.6,0.6,0.6,0.6,0.5,0.5,0.4,0.3,0.2,0.2,0.2,0.2,0.2,0.3,0.4,0.4,0,0,0,0,0,0,0.2,0.4,0.5,0.6,0.7,0.8,0.8,0.8,0.7,0.7,0.6,0.6,0.5,0.4,0.4,0.4,0.4,0.4,0.4,0.5,0.5,0,0.1,0.2,0.3,0.4,0.6,0.7,0.8,0.9,0.9,0.9,0.8,0.7,0.7,0.6,0.5,0.5,0.4,0.4,0.4,0.4,0.4,0.5,0.5,0,0.2,0.3,0.4,0.5,0.6,0.7,0.8,0.9,0.9,0.9,0.8,0.8,0.7,0.6,0.6,0.5,0.4,0.4,0.4,0.4,0.4,0.4,0.4,0.2,0.2,0.3,0.4,0.4,0.5,0.6,0.7,0.8,0.8,0.8,0.7,0.7,0.6,0.6,0.5,0.4,0.3,0.2,0.2,0.2,0.2,0.2,0.2,0.3,0.3,0.3,0.3,0.4,0.4,0.5,0.6,0.6,0.6,0.7,0.6,0.6,0.6,0.5,0.4,0.4,0.2,0,0,0,0,0,0,0.4,0.3,0.3,0.3,0.2,0.3,0.4,0.5,0.5,0.5,0.5,0.5,0.5,0.5,0.4,0.4,0.3,0.2,0,0,0,0,0,0,0.4,0.4,0.3,0.2,0,0.2,0.3,0.3,0.4,0.4,0.4,0.4,0.4,0.4,0.4,0.3,0.3,0.2,0,0,0,0,0,0,0.4,0.4,0.4,0.3,0.2,0.2,0.2,0.2,0.2,0.2,0.2,0.2,0.2,0.2,0.2,0.3,0.3,0.2,0.2,0.1,0,0,0,0,0.4,0.4,0.4,0.3,0.3,0.2,0,0,0,0,0,0,0,0,0,0.2,0.3,0.3,0.3,0.2,0,0,0,0,0.2,0.2,0.2,0.2,0.2,0.1,0,0,0,0,0,0,0,0,0,0.2,0.3,0.3,0.3,0.2,0,0,0,0,0,0,0,0,0,0,0,0,0,0,0,0,0,0,0,0.2,0.3,0.3,0.3,0.2,0,0,0,0,0,0,0,0,0,0,0,0,0,0,0,0,0,0,0,0.2,0.3,0.3,0.2,0.1,0,0,0,0,0,0,0,0,0,0,0,0,0,0,0,0,0,0,0,0.2,0.3,0.2,0,0,0,0,0,0,0,0,0,0,0,0,0,0,0,0,0,0,0,0,0,0.1,0.2,0.1,0,0,0,0,0,0,0,0,0,0,0,0,0,0,0,0,0,0,0,0,0,0,0,0,0,0,0,0,0,0,0,0,0,0,0,0,0,0,0,0,0,0,0,0,0,0,0,0,0,0,0,0,0,0,0,0,0,0,0,0,0,0,0,0,0,0,0,0,0,0,0,0,0,0,0,0,0,0,0,0,0,0,0,0,0,0,0,0,0,0,0,0,0,0,0,0,0,0,0,0,0,0,0,0,0,0,0,0,0,0,0,0,0,0,0,0,0,0,0,0,0,0,0,0,0,0,0,0,0,0,0,0,0,0,0,0,0,0,0,0,0,0,0,0,0,0,0,0,0,0,0,0,0,0,0,0,0,0,0,0,0,0,0,0,0,0,0,0,0,0,0,0,0,0,0,0,0,0,0,0,0,0,0,0,0,0,0,0,0,0,0,0,0,0,0,0,0,0,0,0,0,0,0,0,0,0,0,0,0,0,0,0,0,0,0,0,0,0,0,0,0,0,0,0,0,0,0,0,0,0,0,0,0,0,0,0,0,0,0,0,0,0,0,0,0,0,0,0,0,0,0,0,0,0,0,0,0,0,0,0,0,0,0,0,0,0,0,0,0,0,0,0,0,0,0,0,0,0,0,0,0,0,0,0,0,0,0,0,0,0,0,0,0,0,0,0,0,0,0,0,0,0,0,0,0,0,0,0,0,0,0,0,0,0,0,0,0,0,0,0,0,0,0,0,0,0,0,0,0,0,0,0,0,0,0,0,0,0,0,0,0,0,0,0,0,0,0,0,0,0,0,0,0,0,0,0,0,0,0,0,0,0,0,0,0,0,0,0,0,0,0,0,0,0,0,0,0,0,0,0,0,0,0,0,0,0,0,0,0,0,0,0,0,0,0,0,0,0,0,0,0,0,0,0,0,0,0,0,0,0,0,0,0,0,0,0,0,0,0,0,0,0,0,0,0,0,0,0,0,0,0,0,0,0,0,0.1,0.2,0.2,0,0,0,0,0,0,0,0,0,0,0,0,0,0,0,0,0,0,0,0,0,0.2,0.3,0.3,0.2,0.2,0.2,0.1,0,0,0,0,0,0,0,0,0,0,0,0,0,0,0,0,0,0.2,0.3,0.3,0.4,0.4,0.3,0.2,0,0,0,0,0,0,0,0,0,0,0,0,0,0,0,0,0,0.2,0.3,0.3,0.5,0.4,0.4,0.2,0,0,0,0,0,0,0,0,0,0,0,0,0,0,0,0,0,0.2,0.3,0.3,0.6,0.5,0.4,0.2,0,0,0,0,0,0,0,0,0,0,0,0,0,0,0,0,0,0.2,0.3,0.3,0.5,0.5,0.4,0.3,0.2,0.1,0,0,0,0,0,0,0,0,0,0,0,0,0,0,0,0.2,0.3,0.3,0.5,0.5,0.4,0.4,0.3,0.2,0,0,0,0,0,0,0,0,0,0,0,0,0,0,0,0.2,0.4,0.4,0.5,0.4,0.4,0.4,0.3,0.3,0.2,0.2,0.2,0.2,0.2,0.1,0,0,0,0,0,0,0,0,0,0.2,0.3,0.3,0.4,0.4,0.4,0.4,0.4,0.4,0.4,0.4,0.4,0.4,0.4,0.2,0,0,0,0,0,0,0,0,0,0.2,0.3,0.3,0.4,0.4,0.4,0.4,0.4,0.4,0.4,0.5,0.5,0.4,0.4,0.3,0.2,0.1,0,0,0,0,0,0,0,0.1,0.2,0.2,0.4,0.4,0.3,0.4,0.4,0.4,0.5,0.5,0.5,0.5,0.4,0.4,0.3,0.2,0,0,0,0,0,0,0,0,0,0,0.4,0.4,0.3,0.4,0.4,0.4,0.5,0.5,0.5,0.5,0.4,0.4,0.3,0.2,0,0,0,0,0,0,0,0,0,0]",418,28.0,37.08%,0.0100,0.0253
1785909056290,1.245,0.9,"(11, 8)",0.4,653.125,"[0,0,0,0.4,0.2,0,0,0,0,0,0,0,0.2,0.3,0.3,0.4,0.4,0.5,0.5,0.6,0.6,0,0,0,0,0,0,0.2,0.1,0,0,0,0,0,0,0,0.1,0.2,0.2,0.2,0.3,0.4,0.5,0.6,0.6,0,0,0,0,0,0,0,0,0,0,0,0,0,0,0,0,0,0,0,0.2,0.4,0.5,0.6,0.6,0,0,0,0,0,0,0,0,0,0,0,0,0,0,0,0,0,0,0,0.2,0.4,0.4,0.5,0.5,0,0,0,0,0,0,0,0,0,0,0,0,0,0,0,0,0,0,0,0.2,0.3,0.4,0.4,0.4,0,0,0,0,0,0,0,0,0,0,0,0,0,0,0,0,0,0,0,0.1,0.2,0.3,0.4,0.4,0,0,0,0,0,0,0,0,0,0,0,0,0,0,0,0,0,0,0,0,0,0.2,0.3,0.3,0,0,0,0,0,0,0.2,0.2,0.2,0.2,0.2,0.2,0.2,0.2,0.2,0.1,0,0,0,0,0,0.2,0.4,0.4,0,0,0,0,0,0,0.4,0.4,0.5,0.5,0.4,0.4,0.4,0.4,0.3,0.2,0,0,0,0,0,0.2,0.4,0.4,0,0,0,0,0,0,0.5,0.6,0.6,0.6,0.6,0.6,0.5,0.5,0.4,0.3,0.2,0.2,0.2,0.2,0.2,0.3,0.4,0.4,0,0,0,0,0,0,0.2,0.4,0.5,0.6,0.7,0.8,0.8,0.8,0.7,0.7,0.6,0.6,0.5,0.4,0.4,0.4,0.4,0.4,0.4,0.5,0.5,0,0.1,0.2,0.3,0.4,0.6,0.7,0.8,0.9,0.9,0.9,0.8,0.7,0.7,0.6,0.5,0.5,0.4,0.4,0.4,0.4,0.4,0.5,0.5,0,0.2,0.3,0.4,0.5,0.6,0.7,0.8,0.9,0.9,0.9,0.8,0.8,0.7,0.6,0.6,0.5,0.4,0.4,0.4,0.4,0.4,0.4,0.4,0.2,0.2,0.3,0.4,0.4,0.5,0.6,0.7,0.8,0.8,0.8,0.7,0.7,0.6,0.6,0.5,0.4,0.3,0.2,0.2,0.2,0.2,0.2,0.2,0.3,0.3,0.3,0.3,0.4,0.4,0.5,0.6,0.6,0.6,0.7,0.6,0.6,0.6,0.5,0.4,0.4,0.2,0,0,0,0,0,0,0.4,0.3,0.3,0.3,0.2,0.3,0.4,0.5,0.5,0.5,0.5,0.5,0.5,0.5,0.4,0.4,0.3,0.2,0,0,0,0,0,0,0.4,0.4,0.3,0.2,0,0.2,0.3,0.3,0.4,0.4,0.4,0.4,0.4,0.4,0.4,0.3,0.3,0.2,0,0,0,0,0,0,0.4,0.4,0.4,0.3,0.2,0.2,0.2,0.2,0.2,0.2,0.2,0.2,0.2,0.2,0.2,0.3,0.3,0.2,0.2,0.1,0,0,0,0,0.4,0.4,0.4,0.3,0.3,0.2,0,0,0,0,0,0,0,0,0,0.2,0.3,0.3,0.3,0.2,0,0,0,0,0.2,0.2,0.2,0.2,0.2,0.1,0,0,0,0,0,0,0,0,0,0.2,0.3,0.3,0.3,0.2,0,0,0,0,0,0,0,0,0,0,0,0,0,0,0,0,0,0,0,0.2,0.3,0.3,0.3,0.2,0,0,0,0,0,0,0,0,0,0,0,0,0,0,0,0,0,0,0,0.2,0.3,0.3,0.2,0.1,0,0,0,0,0,0,0,0,0,0,0,0,0,0,0,0,0,0,0,0.2,0.3,0.2,0,0,0,0,0,0,0,0,0,0,0,0,0,0,0,0,0,0,0,0,0,0.1,0.2,0.1,0,0,0,0,0,0,0,0,0,0,0,0,0,0,0,0,0,0,0,0,0,0,0,0,0,0,0,0,0,0,0,0,0,0,0,0,0,0,0,0,0,0,0,0,0,0,0,0,0,0,0,0,0,0,0,0,0,0,0,0,0,0,0,0,0,0,0,0,0,0,0,0,0,0,0,0,0,0,0,0,0,0,0,0,0,0,0,0,0,0,0,0,0,0,0,0,0,0,0,0,0,0,0,0,0,0,0,0,0,0,0,0,0,0,0,0,0,0,0,0,0,0,0,0,0,0,0,0,0,0,0,0,0,0,0,0,0,0,0,0,0,0,0,0,0,0,0,0,0,0,0,0,0,0,0,0,0,0,0,0,0,0,0,0,0,0,0,0,0,0,0,0,0,0,0,0,0,0,0,0,0,0,0,0,0,0,0,0,0,0,0,0,0,0,0,0,0,0,0,0,0,0,0,0,0,0,0,0,0,0,0,0,0,0,0,0,0,0,0,0,0,0,0,0,0,0,0,0,0,0,0,0,0,0,0,0,0,0,0,0,0,0,0,0,0,0,0,0,0,0,0,0,0,0,0,0,0,0,0,0,0,0,0,0,0,0,0,0,0,0,0,0,0,0,0,0,0,0,0,0,0,0,0,0,0,0,0,0,0,0,0,0,0,0,0,0,0,0,0,0,0,0,0,0,0,0,0,0,0,0,0,0,0,0,0,0,0,0,0,0,0,0,0,0,0,0,0,0,0,0,0,0,0,0,0,0,0,0,0,0,0,0,0,0,0,0,0,0,0,0,0,0,0,0,0,0,0,0,0,0,0,0,0,0,0,0,0,0,0,0,0,0,0,0,0,0,0,0,0,0,0,0,0,0,0,0,0,0,0,0,0,0,0,0,0,0,0,0,0,0,0,0,0,0,0,0,0,0,0,0,0,0,0,0,0,0,0,0,0,0,0,0,0,0,0,0,0,0,0,0,0,0,0,0,0,0.1,0.2,0.2,0,0,0,0,0,0,0,0,0,0,0,0,0,0,0,0,0,0,0,0,0,0.2,0.3,0.3,0.2,0.2,0.2,0.1,0,0,0,0,0,0,0,0,0,0,0,0,0,0,0,0,0,0.2,0.3,0.3,0.4,0.4,0.3,0.2,0,0,0,0,0,0,0,0,0,0,0,0,0,0,0,0,0,0.2,0.3,0.3,0.5,0.4,0.4,0.2,0,0,0,0,0,0,0,0,0,0,0,0,0,0,0,0,0,0.2,0.3,0.3,0.6,0.5,0.4,0.2,0,0,0,0,0,0,0,0,0,0,0,0,0,0,0,0,0,0.2,0.3,0.3,0.5,0.5,0.4,0.3,0.2,0.1,0,0,0,0,0,0,0,0,0,0,0,0,0,0,0,0.2,0.3,0.3,0.5,0.5,0.4,0.4,0.3,0.2,0,0,0,0,0,0,0,0,0,0,0,0,0,0,0,0.2,0.4,0.4,0.5,0.4,0.4,0.4,0.3,0.3,0.2,0.2,0.2,0.2,0.2,0.1,0,0,0,0,0,0,0,0,0,0.2,0.3,0.3,0.4,0.4,0.4,0.4,0.4,0.4,0.4,0.4,0.4,0.4,0.4,0.2,0,0,0,0,0,0,0,0,0,0.2,0.3,0.3,0.4,0.4,0.4,0.4,0.4,0.4,0.4,0.5,0.5,0.4,0.4,0.3,0.2,0.1,0,0,0,0,0,0,0,0.1,0.2,0.2,0.4,0.4,0.3,0.4,0.4,0.4,0.5,0.5,0.5,0.5,0.4,0.4,0.3,0.2,0,0,0,0,0,0,0,0,0,0,0.4,0.4,0.3,0.4,0.4,0.4,0.5,0.5,0.5,0.5,0.4,0.4,0.3,0.2,0,0,0,0,0,0,0,0,0,0]",418,28.0,37.08%,0.0100,0.0253
1785909056372,1.327,0.9,"(11, 8)",0.4,659.375,"[0,0,0,0.4,0.3,0.3,0.2,0,0,0,0,0,0.2,0.3,0.3,0.4,0.4,0.5,0.6,0.6,0.6,0,0,0,0,0,0,0.2,0.2,0.2,0.1,0,0,0,0,0,0.1,0.2,0.2,0.2,0.3,0.4,0.5,0.6,0.6,0,0,0,0,0,0,0,0,0,0,0,0,0,0,0,0,0,0,0,0.2,0.4,0.5,0.6,0.6,0,0,0,0,0,0,0,0,0,0,0,0,0,0,0,0,0,0,0,0.2,0.4,0.4,0.5,0.5,0,0,0,0,0,0,0,0,0,0,0,0,0,0,0,0,0,0,0,0.2,0.3,0.4,0.4,0.4,0,0,0,0,0,0,0,0,0,0,0,0,0,0,0,0,0,0,0,0.1,0.2,0.3,0.4,0.4,0,0,0,0,0,0,0,0,0,0,0,0,0,0,0,0,0,0,0,0,0,0.2,0.3,0.3,0,0,0,0,0,0,0.2,0.2,0.2,0.2,0.2,0.2,0.2,0.2,0.2,0.1,0,0,0,0,0,0.2,0.4,0.4,0,0,0,0,0,0,0.4,0.4,0.5,0.5,0.5,0.4,0.4,0.4,0.3,0.2,0,0,0,0,0,0.2,0.4,0.4,0,0,0,0,0,0,0.5,0.6,0.6,0.6,0.6,0.6,0.5,0.5,0.4,0.3,0.2,0.2,0.2,0.2,0.2,0.3,0.4,0.4,0,0,0,0,0,0,0.2,0.4,0.5,0.6,0.7,0.8,0.8,0.8,0.7,0.7,0.6,0.6,0.5,0.4,0.4,0.4,0.4,0.4,0.4,0.5,0.5,0,0.1,0.2,0.3,0.4,0.6,0.7,0.8,0.9,0.9,0.9,0.8,0.7,0.7,0.6,0.5,0.5,0.4,0.4,0.4,0.4,0.4,0.5,0.5,0,0.2,0.3,0.4,0.5,0.6,0.7,0.8,0.9,0.9,0.9,0.8,0.8,0.7,0.6,0.6,0.5,0.4,0.4,0.4,0.4,0.4,0.4,0.4,0.2,0.2,0.3,0.4,0.4,0.5,0.6,0.7,0.8,0.8,0.8,0.7,0.7,0.6,0.6,0.5,0.4,0.3,0.2,0.2,0.2,0.2,0.2,0.2,0.3,0.3,0.3,0.3,0.4,0.4,0.5,0.6,0.6,0.7,0.7,0.6,0.6,0.6,0.5,0.4,0.4,0.2,0,0,0,0,0,0,0.4,0.3,0.3,0.3,0.2,0.3,0.4,0.5,0.5,0.5,0.5,0.5,0.5,0.5,0.4,0.4,0.4,0.2,0,0,0,0,0,0,0.4,0.4,0.3,0.2,0,0.2,0.3,0.3,0.4,0.4,0.4,0.4,0.4,0.4,0.4,0.3,0.3,0.2,0,0,0,0,0,0,0.4,0.4,0.4,0.3,0.2,0.2,0.2,0.2,0.2,0.2,0.2,0.2,0.2,0.2,0.2,0.3,0.3,0.3,0.2,0.1,0,0,0,0,0.4,0.4,0.4,0.3,0.3,0.2,0,0,0,0,0,0,0,0,0,0.2,0.3,0.3,0.3,0.2,0,0,0,0,0.2,0.2,0.2,0.2,0.2,0.1,0,0,0,0,0,0,0,0,0,0.2,0.3,0.3,0.3,0.2,0,0,0,0,0,0,0,0,0,0,0,0,0,0,0,0,0,0,0,0.2,0.3,0.3,0.3,0.2,0,0,0,0,0,0,0,0,0,0,0,0,0,0,0,0,0,0,0,0.2,0.3,0.3,0.2,0.1,0,0,0,0,0,0,0,0,0,0,0,0,0,0,0,0,0,0,0,0.2,0.3,0.2,0,0,0,0,0,0,0,0,0,0,0,0,0,0,0,0,0,0,0,0,0,0.1,0.2,0.1,0,0,0,0,0,0,0,0,0,0,0,0,0,0,0,0,0,0,0,0,0,0,0,0,0,0,0,0,0,0,0,0,0,0,0,0,0,0,0,0,0,0,0,0,0,0,0,0,0,0,0,0,0,0,0,0,0,0,0,0,0,0,0,0,0,0,0,0,0,0,0,0,0,0,0,0,0,0,0,0,0,0,0,0,0,0,0,0,0,0,0,0,0,0,0,0,0,0,0,0,0,0,0,0,0,0,0,0,0,0,0,0,0,0,0,0,0,0,0,0,0,0,0,0,0,0,0,0,0,0,0,0,0,0,0,0,0,0,0,0,0,0,0,0,0,0,0,0,0,0,0,0,0,0,0,0,0,0,0,0,0,0,0,0,0,0,0,0,0,0,0,0,0,0,0,0,0,0,0,0,0,0,0,0,0,0,0,0,0,0,0,0,0,0,0,0,0,0,0,0,0,0,0,0,0,0,0,0,0,0,0,0,0,0,0,0,0,0,0,0,0,0,0,0,0,0,0,0,0,0,0,0,0,0,0,0,0,0,0,0,0,0,0,0,0,0,0,0,0,0,0,0,0,0,0,0,0,0,0,0,0,0,0,0,0,0,0,0,0,0,0,0,0,0,0,0,0,0,0,0,0,0,0,0,0,0,0,0,0,0,0,0,0,0,0,0,0,0,0,0,0,0,0,0,0,0,0,0,0,0,0,0,0,0,0,0,0,0,0,0,0,0,0,0,0,0,0,0,0,0,0,0,0,0,0,0,0,0,0,0,0,0,0,0,0,0,0,0,0,0,0,0,0,0,0,0,0,0,0,0,0,0,0,0,0,0,0,0,0,0,0,0,0,0,0,0,0,0,0,0,0,0,0,0,0,0,0,0,0,0,0,0,0,0,0,0,0,0,0,0,0,0,0,0,0,0,0,0,0,0,0,0,0,0,0,0,0,0,0,0,0,0,0,0,0,0,0,0,0,0,0,0,0,0,0,0.1,0.2,0.2,0,0,0,0,0,0,0,0,0,0,0,0,0,0,0,0,0,0,0,0,0,0.2,0.3,0.3,0.2,0.2,0.2,0.1,0,0,0,0,0,0,0,0,0,0,0,0,0,0,0,0,0,0.2,0.3,0.3,0.4,0.4,0.3,0.2,0,0,0,0,0,0,0,0,0,0,0,0,0,0,0,0,0,0.2,0.3,0.3,0.5,0.4,0.4,0.2,0,0,0,0,0,0,0,0,0,0,0,0,0,0,0,0,0,0.2,0.3,0.3,0.5,0.5,0.4,0.2,0,0,0,0,0,0,0,0,0,0,0,0,0,0,0,0,0,0.2,0.3,0.3,0.5,0.5,0.4,0.3,0.2,0.1,0,0,0,0,0,0,0,0,0,0,0,0,0,0,0,0.2,0.3,0.3,0.5,0.5,0.4,0.4,0.3,0.2,0,0,0,0,0,0,0,0,0,0,0,0,0,0,0,0.2,0.4,0.4,0.5,0.4,0.4,0.4,0.3,0.3,0.2,0.2,0.2,0.2,0.2,0.1,0,0,0,0,0,0,0,0,0,0.2,0.3,0.3,0.4,0.4,0.4,0.4,0.4,0.4,0.4,0.4,0.4,0.4,0.4,0.2,0,0,0,0,0,0,0,0,0,0.2,0.3,0.3,0.4,0.4,0.4,0.4,0.4,0.4,0.4,0.5,0.5,0.4,0.4,0.3,0.2,0.1,0,0,0,0,0,0,0,0.1,0.2,0.2,0.4,0.4,0.4,0.4,0.4,0.4,0.5,0.5,0.5,0.5,0.4,0.4,0.3,0.2,0,0,0,0,0,0,0,0,0,0,0.4,0.4,0.4,0.4,0.4,0.4,0.5,0.5,0.5,0.5,0.4,0.4,0.3,0.2,0,0,0,0,0,0,0,0,0,0]",422,28.4,38.16%,0.0100,0.0253
1785909056456,1.411,0.9,"(11, 8)",0.4,675,"[0,0,0,0.4,0.3,0.3,0.2,0,0,0,0,0,0.2,0.3,0.3,0.4,0.4,0.5,0.6,0.6,0.6,0,0,0,0,0,0,0.2,0.2,0.2,0.1,0,0,0,0,0,0.1,0.2,0.2,0.2,0.3,0.4,0.5,0.6,0.6,0,0,0,0,0,0,0,0,0,0,0,0,0,0,0,0,0,0,0,0.2,0.4,0.5,0.6,0.6,0,0,0,0,0,0,0,0,0,0,0,0,0,0,0,0,0,0,0,0.2,0.4,0.4,0.5,0.5,0,0,0,0,0,0,0,0,0,0,0,0,0,0,0,0,0,0,0,0.2,0.3,0.4,0.4,0.4,0,0,0,0,0,0,0,0,0,0,0,0,0,0,0,0,0,0,0,0.1,0.2,0.3,0.4,0.4,0,0,0,0,0,0,0,0,0,0,0,0,0,0,0,0,0,0,0,0,0,0.2,0.3,0.3,0,0,0,0,0,0,0.2,0.2,0.2,0.2,0.2,0.2,0.2,0.2,0.2,0.1,0,0,0,0,0,0.2,0.4,0.4,0,0,0,0,0,0,0.4,0.4,0.5,0.5,0.5,0.4,0.4,0.4,0.3,0.2,0,0,0,0,0,0.2,0.4,0.4,0,0,0,0,0,0,0.5,0.6,0.7,0.6,0.6,0.6,0.5,0.5,0.4,0.3,0.2,0.2,0.2,0.2,0.2,0.3,0.4,0.4,0,0,0,0,0,0,0.2,0.4,0.5,0.7,0.7,0.8,0.8,0.8,0.8,0.7,0.6,0.6,0.5,0.4,0.4,0.4,0.4,0.4,0.4,0.5,0.5,0,0.1,0.2,0.3,0.4,0.6,0.7,0.8,0.9,0.9,0.9,0.8,0.7,0.7,0.6,0.5,0.5,0.4,0.4,0.4,0.4,0.4,0.5,0.5,0,0.2,0.3,0.4,0.5,0.6,0.7,0.8,0.9,0.9,0.9,0.8,0.8,0.7,0.6,0.6,0.5,0.4,0.4,0.4,0.4,0.4,0.4,0.4,0.2,0.2,0.3,0.4,0.4,0.5,0.6,0.7,0.8,0.8,0.8,0.7,0.7,0.6,0.6,0.5,0.4,0.3,0.2,0.2,0.2,0.2,0.2,0.2,0.3,0.3,0.3,0.3,0.4,0.4,0.5,0.6,0.7,0.7,0.7,0.6,0.6,0.6,0.5,0.4,0.4,0.2,0,0,0,0,0,0,0.4,0.3,0.3,0.3,0.2,0.3,0.4,0.5,0.5,0.5,0.5,0.5,0.5,0.5,0.4,0.4,0.4,0.2,0,0,0,0,0,0,0.4,0.4,0.3,0.2,0,0.2,0.3,0.3,0.4,0.4,0.4,0.4,0.4,0.4,0.4,0.3,0.3,0.2,0,0,0,0,0,0,0.4,0.4,0.4,0.3,0.2,0.2,0.2,0.2,0.2,0.2,0.2,0.2,0.2,0.2,0.2,0.3,0.3,0.3,0.2,0.1,0,0,0,0,0.4,0.4,0.4,0.3,0.3,0.2,0,0,0,0,0,0,0,0,0,0.2,0.3,0.3,0.3,0.2,0,0,0,0,0.2,0.2,0.2,0.2,0.2,0.1,0,0,0,0,0,0,0,0,0,0.2,0.3,0.3,0.3,0.3,0.2,0.1,0,0,0,0,0,0,0,0,0,0,0,0,0,0,0,0,0,0.2,0.3,0.3,0.4,0.3,0.3,0.2,0,0,0,0,0,0,0,0,0,0,0,0,0,0,0,0,0,0.2,0.3,0.3,0.3,0.2,0.2,0.1,0,0,0,0,0,0,0,0,0,0,0,0,0,0,0,0,0,0.2,0.3,0.3,0.3,0.2,0,0,0,0,0,0,0,0,0,0,0,0,0,0,0,0,0,0,0,0.1,0.2,0.2,0.2,0.1,0,0,0,0,0,0,0,0,0,0,0,0,0,0,0,0,0,0,0,0,0,0,0,0,0,0,0,0,0,0,0,0,0,0,0,0,0,0,0,0,0,0,0,0,0,0,0,0,0,0,0,0,0,0,0,0,0,0,0,0,0,0,0,0,0,0,0,0,0,0,0,0,0,0,0,0,0,0,0,0,0,0,0,0,0,0,0,0,0,0,0,0,0,0,0,0,0,0,0,0,0,0,0,0,0,0,0,0,0,0,0,0,0,0,0,0,0,0,0,0,0,0,0,0,0,0,0,0,0,0,0,0,0,0,0,0,0,0,0,0,0,0,0,0,0,0,0,0,0,0,0,0,0,0,0,0,0,0,0,0,0,0,0,0,0,0,0,0,0,0,0,0,0,0,0,0,0,0,0,0,0,0,0,0,0,0,0,0,0,0,0,0,0,0,0,0,0,0,0,0,0,0,0,0,0,0,0,0,0,0,0,0,0,0,0,0,0,0,0,0,0,0,0,0,0,0,0,0,0,0,0,0,0,0,0,0,0,0,0,0,0,0,0,0,0,0,0,0,0,0,0,0,0,0,0,0,0,0,0,0,0,0,0,0,0,0,0,0,0,0,0,0,0,0,0,0,0,0,0,0,0,0,0,0,0,0,0,0,0,0,0,0,0,0,0,0,0,0,0,0,0,0,0,0,0,0,0,0,0,0,0,0,0,0,0,0,0,0,0,0,0,0,0,0,0,0,0,0,0,0,0,0,0,0,0,0,0,0,0,0,0,0,0,0,0,0,0,0,0,0,0,0,0,0,0,0,0,0,0,0,0,0,0,0,0,0,0,0,0,0,0,0,0,0,0,0,0,0,0,0,0,0,0,0,0,0,0,0,0,0,0,0,0,0,0,0,0,0,0,0,0,0,0,0,0,0,0,0,0,0,0,0,0,0,0,0,0,0,0,0,0,0,0,0,0,0,0,0,0,0,0,0,0,0.1,0.2,0.2,0,0,0,0,0,0,0,0,0,0,0,0,0,0,0,0,0,0,0,0,0,0.2,0.3,0.3,0.2,0.2,0.2,0.1,0,0,0,0,0,0,0,0,0,0,0,0,0,0,0,0,0,0.2,0.3,0.3,0.4,0.4,0.3,0.2,0,0,0,0,0,0,0,0,0,0,0,0,0,0,0,0,0,0.2,0.3,0.3,0.5,0.4,0.4,0.2,0,0,0,0,0,0,0,0,0,0,0,0,0,0,0,0,0,0.2,0.3,0.3,0.5,0.5,0.4,0.2,0,0,0,0,0,0,0,0,0,0,0,0,0,0,0,0,0,0.2,0.3,0.3,0.5,0.5,0.4,0.3,0.2,0.1,0,0,0,0,0,0,0,0,0,0,0,0,0,0,0,0.2,0.3,0.3,0.5,0.5,0.4,0.4,0.3,0.2,0,0,0,0,0,0,0,0,0,0,0,0,0,0,0,0.2,0.4,0.4,0.5,0.4,0.4,0.4,0.3,0.3,0.2,0.2,0.2,0.2,0.2,0.1,0,0,0,0,0,0,0,0,0,0.2,0.3,0.3,0.4,0.4,0.4,0.4,0.4,0.4,0.4,0.4,0.4,0.4,0.4,0.2,0,0,0,0,0,0,0,0,0,0.2,0.3,0.3,0.4,0.4,0.4,0.4,0.4,0.4,0.4,0.5,0.5,0.4,0.4,0.3,0.2,0.1,0,0,0,0,0,0,0,0.1,0.2,0.2,0.4,0.4,0.4,0.4,0.4,0.4,0.5,0.5,0.5,0.5,0.4,0.4,0.3,0.2,0,0,0,0,0,0,0,0,0,0,0.4,0.4,0.4,0.4,0.4,0.4,0.5,0.5,0.5,0.5,0.4,0.4,0.3,0.2,0,0,0,0,0,0,0,0,0,0]",432,28.8,38.56%,0.0099,0.0253
1785909056538,1.493,0.9,"(11, 8)",0.4,675,"[0,0,0,0.4,0.3,0.3,0.2,0,0,0,0,0,0.2,0.3,0.3,0.4,0.4,0.5,0.5,0.6,0.6,0,0,0,0,0,0,0.2,0.2,0.2,0.1,0,0,0,0,0,0.1,0.2,0.2,0.2,0.3,0.4,0.5,0.6,0.6,0,0,0,0,0,0,0,0,0,0,0,0,0,0,0,0,0,0,0,0.2,0.4,0.5,0.6,0.6,0,0,0,0,0,0,0,0,0,0,0,0,0,0,0,0,0,0,0,0.2,0.4,0.4,0.5,0.5,0,0,0,0,0,0,0,0,0,0,0,0,0,0,0,0,0,0,0,0.2,0.3,0.4,0.4,0.4,0,0,0,0,0,0,0,0,0,0,0,0,0,0,0,0,0,0,0,0.1,0.2,0.3,0.4,0.4,0,0,0,0,0,0,0,0,0,0,0,0,0,0,0,0,0,0,0,0,0,0.2,0.3,0.3,0,0,0,0,0,0,0.2,0.2,0.2,0.2,0.2,0.2,0.2,0.2,0.2,0.1,0,0,0,0,0,0.2,0.4,0.4,0,0,0,0,0,0,0.4,0.4,0.5,0.5,0.5,0.4,0.4,0.4,0.3,0.2,0,0,0,0,0,0.2,0.4,0.4,0,0,0,0,0,0,0.5,0.6,0.6,0.6,0.6,0.6,0.5,0.5,0.4,0.3,0.2,0.2,0.2,0.2,0.2,0.3,0.4,0.4,0,0,0,0,0,0,0.2,0.4,0.5,0.7,0.7,0.8,0.8,0.8,0.8,0.7,0.6,0.6,0.5,0.4,0.4,0.4,0.4,0.4,0.4,0.5,0.5,0,0.1,0.2,0.3,0.4,0.6,0.7,0.8,0.9,0.9,0.9,0.8,0.7,0.7,0.6,0.5,0.5,0.4,0.4,0.4,0.4,0.4,0.5,0.5,0,0.2,0.3,0.4,0.5,0.6,0.7,0.8,0.9,0.9,0.9,0.8,0.8,0.7,0.6,0.6,0.5,0.4,0.4,0.4,0.4,0.4,0.4,0.4,0.2,0.2,0.3,0.4,0.4,0.5,0.6,0.7,0.8,0.8,0.8,0.7,0.7,0.6,0.6,0.5,0.4,0.3,0.2,0.2,0.2,0.2,0.2,0.2,0.3,0.3,0.3,0.3,0.4,0.4,0.5,0.6,0.6,0.7,0.7,0.6,0.6,0.6,0.5,0.4,0.4,0.2,0,0,0,0,0,0,0.4,0.3,0.3,0.3,0.2,0.3,0.4,0.5,0.5,0.5,0.5,0.5,0.5,0.5,0.4,0.4,0.4,0.2,0,0,0,0,0,0,0.4,0.4,0.3,0.2,0,0.2,0.3,0.3,0.4,0.4,0.4,0.4,0.4,0.4,0.4,0.3,0.3,0.2,0,0,0,0,0,0,0.4,0.4,0.4,0.3,0.2,0.2,0.2,0.2,0.2,0.2,0.2,0.2,0.2,0.2,0.2,0.3,0.3,0.3,0.2,0.1,0,0,0,0,0.4,0.4,0.4,0.3,0.3,0.2,0,0,0,0,0,0,0,0,0,0.2,0.3,0.3,0.3,0.2,0,0,0,0,0.2,0.2,0.2,0.2,0.2,0.1,0,0,0,0,0,0,0,0,0,0.2,0.3,0.3,0.3,0.3,0.2,0.1,0,0,0,0,0,0,0,0,0,0,0,0,0,0,0,0,0,0.2,0.3,0.4,0.4,0.3,0.3,0.2,0,0,0,0,0,0,0,0,0,0,0,0,0,0,0,0,0,0.2,0.3,0.3,0.3,0.2,0.2,0.1,0,0,0,0,0,0,0,0,0,0,0,0,0,0,0,0,0,0.2,0.3,0.3,0.3,0.2,0,0,0,0,0,0,0,0,0,0,0,0,0,0,0,0,0,0,0,0.1,0.2,0.2,0.2,0.1,0,0,0,0,0,0,0,0,0,0,0,0,0,0,0,0,0,0,0,0,0,0,0,0,0,0,0,0,0,0,0,0,0,0,0,0,0,0,0,0,0,0,0,0,0,0,0,0,0,0,0,0,0,0,0,0,0,0,0,0,0,0,0,0,0,0,0,0,0,0,0,0,0,0,0,0,0,0,0,0,0,0,0,0,0,0,0,0,0,0,0,0,0,0,0,0,0,0,0,0,0,0,0,0,0,0,0,0,0,0,0,0,0,0,0,0,0,0,0,0,0,0,0,0,0,0,0,0,0,0,0,0,0,0,0,0,0,0,0,0,0,0,0,0,0,0,0,0,0,0,0,0,0,0,0,0,0,0,0,0,0,0,0,0,0,0,0,0,0,0,0,0,0,0,0,0,0,0,0,0,0,0,0,0,0,0,0,0,0,0,0,0,0,0,0,0,0,0,0,0,0,0,0,0,0,0,0,0,0,0,0,0,0,0,0,0,0,0,0,0,0,0,0,0,0,0,0,0,0,0,0,0,0,0,0,0,0,0,0,0,0,0,0,0,0,0,0,0,0,0,0,0,0,0,0,0,0,0,0,0,0,0,0,0,0,0,0,0,0,0,0,0,0,0,0,0,0,0,0,0,0,0,0,0,0,0,0,0,0,0,0,0,0,0,0,0,0,0,0,0,0,0,0,0,0,0,0,0,0,0,0,0,0,0,0,0,0,0,0,0,0,0,0,0,0,0,0,0,0,0,0,0,0,0,0,0,0,0,0,0,0,0,0,0,0,0,0,0,0,0,0,0,0,0,0,0,0,0,0,0,0,0,0,0,0,0,0,0,0,0,0,0,0,0,0,0,0,0,0,0,0,0,0,0,0,0,0,0,0,0,0,0,0,0,0,0,0,0,0,0,0,0,0,0,0,0,0,0,0,0,0,0,0,0,0,0,0,0,0,0,0,0,0,0,0,0,0,0,0,0,0,0,0,0.1,0.2,0.2,0,0,0,0,0,0,0,0,0,0,0,0,0,0,0,0,0,0,0,0,0,0.2,0.3,0.3,0.2,0.2,0.2,0.1,0,0,0,0,0,0,0,0,0,0,0,0,0,0,0,0,0,0.2,0.3,0.3,0.4,0.4,0.3,0.2,0,0,0,0,0,0,0,0,0,0,0,0,0,0,0,0,0,0.2,0.3,0.3,0.5,0.4,0.4,0.2,0,0,0,0,0,0,0,0,0,0,0,0,0,0,0,0,0,0.2,0.3,0.3,0.6,0.5,0.5,0.2,0,0,0,0,0,0,0,0,0,0,0,0,0,0,0,0,0,0.2,0.3,0.3,0.5,0.5,0.4,0.3,0.2,0.1,0,0,0,0,0,0,0,0,0,0,0,0,0,0,0,0.2,0.3,0.3,0.5,0.5,0.4,0.4,0.3,0.2,0,0,0,0,0,0,0,0,0,0,0,0,0,0,0,0.2,0.4,0.4,0.5,0.4,0.4,0.4,0.3,0.3,0.2,0.2,0.2,0.2,0.2,0.1,0,0,0,0,0,0,0,0,0,0.2,0.3,0.3,0.4,0.4,0.4,0.4,0.4,0.4,0.4,0.4,0.4,0.4,0.4,0.2,0,0,0,0,0,0,0,0,0,0.2,0.3,0.3,0.4,0.4,0.4,0.4,0.4,0.4,0.4,0.5,0.5,0.4,0.4,0.3,0.2,0.1,0,0,0,0,0,0,0,0.1,0.2,0.2,0.4,0.4,0.4,0.4,0.4,0.4,0.5,0.5,0.5,0.5,0.4,0.4,0.3,0.2,0,0,0,0,0,0,0,0,0,0,0.4,0.4,0.4,0.4,0.4,0.4,0.5,0.5,0.5,0.5,0.4,0.4,0.3,0.2,0,0,0,0,0,0,0,0,0,0]",432,28.9,38.50%,0.0100,0.0253
1785909056621,1.576,0.9,"(11, 8)",0.4,659.375,"[0,0,0,0.4,0.3,0.3,0.2,0,0,0,0,0,0.2,0.3,0.3,0.4,0.4,0.5,0.6,0.7,0.7,0,0,0,0,0,0,0.2,0.2,0.2,0.1,0,0,0,0,0,0.1,0.2,0.2,0.2,0.3,0.4,0.5,0.6,0.6,0,0,0,0,0,0,0,0,0,0,0,0,0,0,0,0,0,0,0,0.2,0.4,0.5,0.6,0.6,0,0,0,0,0,0,0,0,0,0,0,0,0,0,0,0,0,0,0,0.2,0.4,0.4,0.5,0.5,0,0,0,0,0,0,0,0,0,0,0,0,0,0,0,0,0,0,0,0.2,0.3,0.4,0.4,0.4,0,0,0,0,0,0,0,0,0,0,0,0,0,0,0,0,0,0,0,0.1,0.2,0.3,0.4,0.4,0,0,0,0,0,0,0,0,0,0,0,0,0,0,0,0,0,0,0,0,0,0.2,0.3,0.3,0,0,0,0,0,0,0.2,0.2,0.2,0.2,0.2,0.2,0.2,0.2,0.2,0.1,0,0,0,0,0,0.2,0.4,0.4,0,0,0,0,0,0,0.4,0.4,0.5,0.5,0.5,0.4,0.4,0.4,0.3,0.2,0,0,0,0,0,0.2,0.4,0.4,0,0,0,0,0,0,0.5,0.6,0.6,0.6,0.6,0.6,0.5,0.5,0.4,0.3,0.2,0.2,0.2,0.2,0.2,0.3,0.4,0.4,0,0,0,0,0,0,0.2,0.4,0.5,0.6,0.7,0.8,0.8,0.8,0.7,0.7,0.6,0.6,0.5,0.4,0.4,0.4,0.4,0.4,0.4,0.5,0.5,0,0.1,0.2,0.3,0.4,0.6,0.7,0.8,0.9,0.9,0.9,0.8,0.7,0.7,0.6,0.5,0.5,0.4,0.4,0.4,0.4,0.4,0.5,0.5,0,0.2,0.3,0.4,0.5,0.6,0.7,0.8,0.9,0.9,0.9,0.8,0.8,0.7,0.6,0.5,0.5,0.4,0.4,0.4,0.4,0.4,0.4,0.4,0.2,0.2,0.3,0.4,0.4,0.5,0.6,0.7,0.8,0.8,0.8,0.7,0.7,0.6,0.6,0.5,0.4,0.3,0.2,0.2,0.2,0.2,0.2,0.2,0.3,0.3,0.3,0.3,0.4,0.4,0.5,0.6,0.6,0.7,0.7,0.6,0.6,0.6,0.5,0.4,0.4,0.2,0,0,0,0,0,0,0.4,0.3,0.3,0.3,0.2,0.3,0.4,0.5,0.5,0.5,0.5,0.5,0.5,0.5,0.4,0.4,0.3,0.2,0,0,0,0,0,0,0.4,0.4,0.3,0.2,0,0.2,0.3,0.3,0.4,0.4,0.4,0.4,0.4,0.4,0.4,0.3,0.3,0.2,0,0,0,0,0,0,0.4,0.4,0.4,0.3,0.2,0.2,0.2,0.2,0.2,0.2,0.2,0.2,0.2,0.2,0.2,0.3,0.3,0.3,0.2,0.1,0,0,0,0,0.4,0.4,0.4,0.3,0.3,0.2,0,0,0,0,0,0,0,0,0,0.2,0.3,0.3,0.3,0.2,0,0,0,0,0.2,0.2,0.2,0.2,0.2,0.1,0,0,0,0,0,0,0,0,0,0.2,0.3,0.3,0.3,0.2,0,0,0,0,0,0,0,0,0,0,0,0,0,0,0,0,0,0,0,0.2,0.3,0.3,0.3,0.2,0,0,0,0,0,0,0,0,0,0,0,0,0,0,0,0,0,0,0,0.2,0.3,0.3,0.2,0.1,0,0,0,0,0,0,0,0,0,0,0,0,0,0,0,0,0,0,0,0.2,0.3,0.2,0,0,0,0,0,0,0,0,0,0,0,0,0,0,0,0,0,0,0,0,0,0.1,0.2,0.1,0,0,0,0,0,0,0,0,0,0,0,0,0,0,0,0,0,0,0,0,0,0,0,0,0,0,0,0,0,0,0,0,0,0,0,0,0,0,0,0,0,0,0,0,0,0,0,0,0,0,0,0,0,0,0,0,0,0,0,0,0,0,0,0,0,0,0,0,0,0,0,0,0,0,0,0,0,0,0,0,0,0,0,0,0,0,0,0,0,0,0,0,0,0,0,0,0,0,0,0,0,0,0,0,0,0,0,0,0,0,0,0,0,0,0,0,0,0,0,0,0,0,0,0,0,0,0,0,0,0,0,0,0,0,0,0,0,0,0,0,0,0,0,0,0,0,0,0,0,0,0,0,0,0,0,0,0,0,0,0,0,0,0,0,0,0,0,0,0,0,0,0,0,0,0,0,0,0,0,0,0,0,0,0,0,0,0,0,0,0,0,0,0,0,0,0,0,0,0,0,0,0,0,0,0,0,0,0,0,0,0,0,0,0,0,0,0,0,0,0,0,0,0,0,0,0,0,0,0,0,0,0,0,0,0,0,0,0,0,0,0,0,0,0,0,0,0,0,0,0,0,0,0,0,0,0,0,0,0,0,0,0,0,0,0,0,0,0,0,0,0,0,0,0,0,0,0,0,0,0,0,0,0,0,0,0,0,0,0,0,0,0,0,0,0,0,0,0,0,0,0,0,0,0,0,0,0,0,0,0,0,0,0,0,0,0,0,0,0,0,0,0,0,0,0,0,0,0,0,0,0,0,0,0,0,0,0,0,0,0,0,0,0,0,0,0,0,0,0,0,0,0,0,0,0,0,0,0,0,0,0,0,0,0,0,0,0,0,0,0,0,0,0,0,0,0,0,0,0,0,0,0,0,0,0,0,0,0,0,0,0,0,0,0,0,0,0,0,0,0,0,0,0,0,0,0,0,0,0,0,0,0,0,0,0,0,0,0,0,0,0,0,0,0,0,0,0,0,0,0,0,0,0,0,0,0.1,0.2,0.2,0,0,0,0,0,0,0,0,0,0,0,0,0,0,0,0,0,0,0,0,0,0.2,0.3,0.3,0.2,0.2,0.2,0.1,0,0,0,0,0,0,0,0,0,0,0,0,0,0,0,0,0,0.2,0.3,0.3,0.4,0.4,0.3,0.2,0,0,0,0,0,0,0,0,0,0,0,0,0,0,0,0,0,0.2,0.3,0.3,0.5,0.4,0.4,0.2,0,0,0,0,0,0,0,0,0,0,0,0,0,0,0,0,0,0.2,0.3,0.3,0.5,0.5,0.4,0.2,0,0,0,0,0,0,0,0,0,0,0,0,0,0,0,0,0,0.2,0.3,0.3,0.5,0.5,0.4,0.3,0.2,0.1,0,0,0,0,0,0,0,0,0,0,0,0,0,0,0,0.2,0.3,0.3,0.5,0.5,0.4,0.4,0.3,0.2,0,0,0,0,0,0,0,0,0,0,0,0,0,0,0,0.2,0.4,0.4,0.5,0.4,0.4,0.4,0.3,0.3,0.2,0.2,0.2,0.2,0.2,0.1,0,0,0,0,0,0,0,0,0,0.2,0.3,0.3,0.4,0.4,0.4,0.4,0.4,0.4,0.4,0.4,0.4,0.4,0.4,0.2,0,0,0,0,0,0,0,0,0,0.2,0.3,0.3,0.4,0.4,0.4,0.4,0.4,0.4,0.4,0.5,0.5,0.4,0.4,0.3,0.2,0.1,0,0,0,0,0,0,0,0.1,0.2,0.2,0.4,0.4,0.3,0.4,0.4,0.4,0.5,0.5,0.5,0.5,0.4,0.4,0.3,0.2,0,0,0,0,0,0,0,0,0,0,0.4,0.4,0.3,0.4,0.4,0.4,0.5,0.5,0.5,0.5,0.4,0.4,0.3,0.2,0,0,0,0,0,0,0,0,0,0]",422,28.3,38.05%,0.0100,0.0253
1785909056703,1.658,0.9,"(11, 8)",0.4,659.375,"[0,0,0,0.4,0.2,0,0,0,0,0,0,0,0.2,0.3,0.3,0.4,0.4,0.5,0.5,0.6,0.6,0,0,0,0,0,0,0.2,0.1,0,0,0,0,0,0,0,0.1,0.2,0.2,0.2,0.3,0.4,0.5,0.6,0.6,0,0,0,0,0,0,0,0,0,0,0,0,0,0,0,0,0,0,0,0.2,0.4,0.5,0.6,0.6,0,0,0,0,0,0,0,0,0,0,0,0,0,0,0,0,0,0,0,0.2,0.4,0.4,0.5,0.5,0,0,0,0,0,0,0,0,0,0,0,0,0,0,0,0,0,0,0,0.2,0.3,0.4,0.4,0.4,0,0,0,0,0,0,0,0,0,0,0,0,0,0,0,0,0,0,0,0.1,0.2,0.3,0.4,0.4,0,0,0,0,0,0,0,0,0,0,0,0,0,0,0,0,0,0,0,0,0,0.2,0.3,0.3,0,0,0,0,0,0,0.2,0.2,0.2,0.2,0.2,0.2,0.2,0.2,0.2,0.1,0,0,0,0,0,0.2,0.4,0.4,0,0,0,0,0,0,0.4,0.4,0.5,0.5,0.5,0.4,0.4,0.4,0.3,0.2,0,0,0,0,0,0.2,0.4,0.4,0,0,0,0,0,0,0.5,0.6,0.6,0.6,0.6,0.6,0.5,0.5,0.4,0.3,0.2,0.2,0.2,0.2,0.2,0.3,0.4,0.4,0,0,0,0,0,0,0.2,0.4,0.5,0.6,0.7,0.8,0.8,0.8,0.7,0.7,0.6,0.6,0.5,0.4,0.4,0.4,0.4,0.4,0.4,0.5,0.5,0,0.1,0.2,0.3,0.4,0.6,0.7,0.8,0.9,0.9,0.9,0.8,0.7,0.7,0.6,0.5,0.5,0.4,0.4,0.4,0.4,0.4,0.5,0.5,0,0.2,0.3,0.4,0.5,0.6,0.7,0.8,0.9,0.9,0.9,0.8,0.8,0.7,0.6,0.6,0.5,0.4,0.4,0.4,0.4,0.4,0.4,0.4,0.2,0.2,0.3,0.4,0.4,0.5,0.6,0.7,0.8,0.8,0.8,0.7,0.7,0.6,0.6,0.5,0.4,0.3,0.2,0.2,0.2,0.2,0.2,0.2,0.3,0.3,0.3,0.3,0.4,0.4,0.5,0.6,0.6,0.7,0.7,0.6,0.6,0.6,0.5,0.4,0.4,0.2,0,0,0,0,0,0,0.4,0.3,0.3,0.3,0.2,0.3,0.4,0.5,0.5,0.5,0.5,0.5,0.5,0.5,0.4,0.4,0.4,0.2,0,0,0,0,0,0,0.4,0.4,0.3,0.2,0,0.2,0.3,0.3,0.4,0.4,0.4,0.4,0.4,0.4,0.4,0.3,0.3,0.2,0,0,0,0,0,0,0.4,0.4,0.4,0.3,0.2,0.2,0.2,0.2,0.2,0.2,0.2,0.2,0.2,0.2,0.2,0.3,0.3,0.3,0.2,0.1,0,0,0,0,0.4,0.4,0.4,0.3,0.3,0.2,0,0,0,0,0,0,0,0,0,0.2,0.3,0.3,0.3,0.2,0,0,0,0,0.2,0.2,0.2,0.2,0.2,0.1,0,0,0,0,0,0,0,0,0,0.2,0.3,0.3,0.3,0.2,0,0,0,0,0,0,0,0,0,0,0,0,0,0,0,0,0,0,0,0.2,0.3,0.3,0.3,0.2,0,0,0,0,0,0,0,0,0,0,0,0,0,0,0,0,0,0,0,0.2,0.3,0.3,0.2,0.1,0,0,0,0,0,0,0,0,0,0,0,0,0,0,0,0,0,0,0,0.2,0.3,0.2,0,0,0,0,0,0,0,0,0,0,0,0,0,0,0,0,0,0,0,0,0,0.1,0.2,0.1,0,0,0,0,0,0,0,0,0,0,0,0,0,0,0,0,0,0,0,0,0,0,0,0,0,0,0,0,0,0,0,0,0,0,0,0,0,0,0,0,0,0,0,0,0,0,0,0,0,0,0,0,0,0,0,0,0,0,0,0,0,0,0,0,0,0,0,0,0,0,0,0,0,0,0,0,0,0,0,0,0,0,0,0,0,0,0,0,0,0,0,0,0,0,0,0,0,0,0,0,0,0,0,0,0,0,0,0,0,0,0,0,0,0,0,0,0,0,0,0,0,0,0,0,0,0,0,0,0,0,0,0,0,0,0,0,0,0,0,0,0,0,0,0,0,0,0,0,0,0,0,0,0,0,0,0,0,0,0,0,0,0,0,0,0,0,0,0,0,0,0,0,0,0,0,0,0,0,0,0,0,0,0,0,0,0,0,0,0,0,0,0,0,0,0,0,0,0,0,0,0,0,0,0,0,0,0,0,0,0,0,0,0,0,0,0,0,0,0,0,0,0,0,0,0,0,0,0,0,0,0,0,0,0,0,0,0,0,0,0,0,0,0,0,0,0,0,0,0,0,0,0,0,0,0,0,0,0,0,0,0,0,0,0,0,0,0,0,0,0,0,0,0,0,0,0,0,0,0,0,0,0,0,0,0,0,0,0,0,0,0,0,0,0,0,0,0,0,0,0,0,0,0,0,0,0,0,0,0,0,0,0,0,0,0,0,0,0,0,0,0,0,0,0,0,0,0,0,0,0,0,0,0,0,0,0,0,0,0,0,0,0,0,0,0,0,0,0,0,0,0,0,0,0,0,0,0,0,0,0,0,0,0,0,0,0,0,0,0,0,0,0,0,0,0,0,0,0,0,0,0,0,0,0,0,0,0,0,0,0,0,0,0,0,0,0,0,0,0,0,0,0,0,0,0,0,0,0,0,0,0,0,0,0,0,0,0,0,0,0,0,0,0,0,0,0,0,0,0,0,0,0,0,0,0,0.1,0.2,0.2,0,0,0,0,0,0,0,0,0,0,0,0,0,0,0,0,0,0,0,0,0,0.2,0.3,0.3,0.2,0.2,0.2,0.1,0,0,0,0,0,0,0,0,0,0,0,0,0,0,0,0,0,0.2,0.3,0.3,0.4,0.4,0.3,0.2,0,0,0,0,0,0,0,0,0,0,0,0,0,0,0,0,0,0.2,0.3,0.3,0.5,0.4,0.4,0.3,0.2,0.1,0,0,0,0,0,0,0,0,0,0,0,0,0,0,0,0.2,0.3,0.3,0.6,0.5,0.5,0.4,0.3,0.2,0,0,0,0,0,0,0,0,0,0,0,0,0,0,0,0.2,0.3,0.3,0.5,0.5,0.4,0.4,0.3,0.2,0,0,0,0,0,0,0,0,0,0,0,0,0,0,0,0.2,0.3,0.3,0.5,0.5,0.4,0.4,0.3,0.2,0,0,0,0,0,0,0,0,0,0,0,0,0,0,0,0.2,0.4,0.4,0.5,0.4,0.4,0.4,0.3,0.3,0.2,0.2,0.2,0.2,0.2,0.1,0,0,0,0,0,0,0,0,0,0.2,0.3,0.3,0.4,0.4,0.4,0.4,0.4,0.4,0.4,0.4,0.4,0.4,0.4,0.2,0,0,0,0,0,0,0,0,0,0.2,0.3,0.3,0.4,0.4,0.4,0.4,0.4,0.4,0.4,0.5,0.5,0.4,0.4,0.3,0.2,0.1,0,0,0,0,0,0,0,0.1,0.2,0.2,0.4,0.4,0.4,0.4,0.4,0.4,0.5,0.5,0.5,0.5,0.4,0.4,0.3,0.2,0,0,0,0,0,0,0,0,0,0,0.4,0.4,0.4,0.4,0.4,0.4,0.5,0.5,0.5,0.5,0.4,0.4,0.3,0.2,0,0,0,0,0,0,0,0,0,0]",422,28.0,36.19%,0.0099,0.0253
1785909056787,1.742,0.9,"(11, 8)",0.4,675,"[0,0,0,0.4,0.2,0,0,0,0,0,0,0,0.2,0.3,0.3,0.4,0.4,0.5,0.5,0.6,0.6,0,0,0,0,0,0,0.2,0.1,0,0,0,0,0,0,0,0.1,0.2,0.2,0.2,0.3,0.4,0.5,0.6,0.6,0,0,0,0,0,0,0,0,0,0,0,0,0,0,0,0,0,0,0,0.2,0.4,0.5,0.6,0.6,0,0,0,0,0,0,0,0,0,0,0,0,0,0,0,0,0,0,0,0.2,0.4,0.4,0.5,0.5,0,0,0,0,0,0,0,0,0,0,0,0,0,0,0,0,0,0,0,0.2,0.3,0.4,0.4,0.4,0,0,0,0,0,0,0,0,0,0,0,0,0,0,0,0,0,0,0,0.1,0.2,0.3,0.4,0.4,0,0,0,0,0,0,0,0,0,0,0,0,0,0,0,0,0,0,0,0,0,0.2,0.3,0.3,0,0,0,0,0,0,0.2,0.2,0.2,0.2,0.2,0.2,0.2,0.2,0.2,0.1,0,0,0,0,0,0.2,0.4,0.4,0,0,0,0,0,0,0.4,0.4,0.5,0.5,0.5,0.4,0.4,0.4,0.3,0.2,0,0,0,0,0,0.2,0.4,0.4,0,0,0,0,0,0,0.5,0.6,0.6,0.6,0.6,0.6,0.5,0.5,0.4,0.3,0.2,0.2,0.2,0.2,0.2,0.3,0.4,0.4,0,0,0,0,0,0,0.2,0.4,0.5,0.7,0.7,0.8,0.8,0.8,0.7,0.7,0.6,0.6,0.5,0.4,0.4,0.4,0.4,0.4,0.4,0.5,0.5,0,0.1,0.2,0.3,0.4,0.6,0.7,0.8,0.9,0.9,0.9,0.8,0.7,0.7,0.6,0.5,0.5,0.4,0.4,0.4,0.4,0.4,0.5,0.5,0,0.2,0.3,0.4,0.5,0.6,0.7,0.8,0.9,0.9,0.9,0.8,0.8,0.7,0.6,0.6,0.5,0.4,0.4,0.4,0.4,0.4,0.4,0.4,0.2,0.2,0.3,0.4,0.4,0.5,0.6,0.7,0.8,0.8,0.8,0.7,0.7,0.6,0.6,0.5,0.4,0.3,0.2,0.2,0.2,0.2,0.2,0.2,0.3,0.3,0.3,0.4,0.4,0.4,0.5,0.6,0.6,0.7,0.7,0.6,0.6,0.6,0.5,0.4,0.4,0.2,0,0,0,0,0,0,0.4,0.3,0.3,0.3,0.2,0.3,0.4,0.5,0.5,0.5,0.5,0.5,0.5,0.5,0.4,0.4,0.4,0.2,0,0,0,0,0,0,0.4,0.4,0.3,0.2,0,0.2,0.3,0.3,0.4,0.4,0.4,0.4,0.4,0.4,0.4,0.3,0.3,0.2,0,0,0,0,0,0,0.4,0.4,0.4,0.3,0.2,0.2,0.2,0.2,0.2,0.2,0.2,0.2,0.2,0.2,0.2,0.3,0.3,0.3,0.2,0.1,0,0,0,0,0.4,0.4,0.4,0.4,0.3,0.2,0,0,0,0,0,0,0,0,0,0.2,0.3,0.3,0.3,0.2,0,0,0,0,0.2,0.2,0.2,0.2,0.2,0.1,0,0,0,0,0,0,0,0,0,0.2,0.3,0.3,0.4,0.3,0.2,0.1,0,0,0,0,0,0,0,0,0,0,0,0,0,0,0,0,0,0.2,0.4,0.4,0.4,0.3,0.3,0.2,0,0,0,0,0,0,0,0,0,0,0,0,0,0,0,0,0,0.2,0.3,0.3,0.3,0.2,0.2,0.1,0,0,0,0,0,0,0,0,0,0,0,0,0,0,0,0,0,0.2,0.3,0.3,0.3,0.2,0,0,0,0,0,0,0,0,0,0,0,0,0,0,0,0,0,0,0,0.1,0.2,0.2,0.2,0.1,0,0,0,0,0,0,0,0,0,0,0,0,0,0,0,0,0,0,0,0,0,0,0,0,0,0,0,0,0,0,0,0,0,0,0,0,0,0,0,0,0,0,0,0,0,0,0,0,0,0,0,0,0,0,0,0,0,0,0,0,0,0,0,0,0,0,0,0,0,0,0,0,0,0,0,0,0,0,0,0,0,0,0,0,0,0,0,0,0,0,0,0,0,0,0,0,0,0,0,0,0,0,0,0,0,0,0,0,0,0,0,0,0,0,0,0,0,0,0,0,0,0,0,0,0,0,0,0,0,0,0,0,0,0,0,0,0,0,0,0,0,0,0,0,0,0,0,0,0,0,0,0,0,0,0,0,0,0,0,0,0,0,0,0,0,0,0,0,0,0,0,0,0,0,0,0,0,0,0,0,0,0,0,0,0,0,0,0,0,0,0,0,0,0,0,0,0,0,0,0,0,0,0,0,0,0,0,0,0,0,0,0,0,0,0,0,0,0,0,0,0,0,0,0,0,0,0,0,0,0,0,0,0,0,0,0,0,0,0,0,0,0,0,0,0,0,0,0,0,0,0,0,0,0,0,0,0,0,0,0,0,0,0,0,0,0,0,0,0,0,0,0,0,0,0,0,0,0,0,0,0,0,0,0,0,0,0,0,0,0,0,0,0,0,0,0,0,0,0,0,0,0,0,0,0,0,0,0,0,0,0,0,0,0,0,0,0,0,0,0,0,0,0,0,0,0,0,0,0,0,0,0,0,0,0,0,0,0,0,0,0,0,0,0,0,0,0,0,0,0,0,0,0,0,0,0,0,0,0,0,0,0,0,0,0,0,0,0,0,0,0,0,0,0,0,0,0,0,0,0,0,0,0,0,0,0,0,0,0,0,0,0,0,0,0,0,0,0,0,0,0,0,0,0,0,0,0,0,0,0,0,0,0,0,0,0,0,0,0,0,0,0,0,0,0,0,0,0,0,0,0,0,0,0.1,0.2,0.2,0,0,0,0,0,0,0,0,0,0,0,0,0,0,0,0,0,0,0,0,0,0.2,0.3,0.3,0.2,0.2,0.2,0.1,0,0,0,0,0,0,0,0,0,0,0,0,0,0,0,0,0,0.2,0.3,0.3,0.4,0.4,0.3,0.2,0,0,0,0,0,0,0,0,0,0,0,0,0,0,0,0,0,0.2,0.3,0.3,0.5,0.4,0.4,0.3,0.2,0.1,0,0,0,0,0,0,0,0,0,0,0,0,0,0,0,0.2,0.3,0.3,0.6,0.5,0.5,0.4,0.3,0.2,0,0,0,0,0,0,0,0,0,0,0,0,0,0,0,0.2,0.3,0.3,0.5,0.5,0.4,0.4,0.3,0.2,0,0,0,0,0,0,0,0,0,0,0,0,0,0,0,0.2,0.3,0.3,0.5,0.5,0.4,0.4,0.3,0.2,0,0,0,0,0,0,0,0,0,0,0,0,0,0,0,0.2,0.4,0.4,0.5,0.4,0.4,0.4,0.3,0.3,0.2,0.2,0.2,0.2,0.2,0.1,0,0,0,0,0,0,0,0,0,0.2,0.3,0.3,0.4,0.4,0.4,0.4,0.4,0.4,0.4,0.4,0.4,0.4,0.4,0.2,0,0,0,0,0,0,0,0,0,0.2,0.3,0.3,0.4,0.4,0.4,0.4,0.4,0.4,0.4,0.5,0.5,0.4,0.4,0.3,0.2,0.1,0,0,0,0,0,0,0,0.1,0.2,0.2,0.4,0.4,0.4,0.4,0.4,0.4,0.5,0.5,0.5,0.5,0.4,0.4,0.3,0.2,0,0,0,0,0,0,0,0,0,0,0.4,0.4,0.4,0.4,0.4,0.4,0.5,0.5,0.5,0.5,0.4,0.4,0.3,0.2,0,0,0,0,0,0,0,0,0,0]",432,29.2,36.57%,0.0099,0.0253
1785909056870,1.825,0.9,"(11, 8)",0.4,653.125,"[0,0,0,0.3,0.2,0,0,0,0,0,0,0,0.2,0.3,0.3,0.4,0.4,0.5,0.5,0.6,0.6,0,0,0,0,0,0,0.2,0.1,0,0,0,0,0,0,0,0.1,0.2,0.2,0.2,0.3,0.4,0.5,0.6,0.6,0,0,0,0,0,0,0,0,0,0,0,0,0,0,0,0,0,0,0,0.2,0.4,0.5,0.6,0.6,0,0,0,0,0,0,0,0,0,0,0,0,0,0,0,0,0,0,0,0.2,0.4,0.4,0.5,0.5,0,0,0,0,0,0,0,0,0,0,0,0,0,0,0,0,0,0,0,0.2,0.3,0.4,0.4,0.4,0,0,0,0,0,0,0,0,0,0,0,0,0,0,0,0,0,0,0,0.1,0.2,0.3,0.4,0.4,0,0,0,0,0,0,0,0,0,0,0,0,0,0,0,0,0,0,0,0,0,0.2,0.3,0.3,0,0,0,0,0,0,0.2,0.2,0.2,0.2,0.2,0.2,0.2,0.2,0.2,0.1,0,0,0,0,0,0.2,0.4,0.4,0,0,0,0,0,0,0.4,0.4,0.5,0.5,0.4,0.4,0.4,0.4,0.3,0.2,0,0,0,0,0,0.2,0.4,0.4,0,0,0,0,0,0,0.5,0.6,0.6,0.6,0.6,0.6,0.5,0.5,0.4,0.3,0.2,0.2,0.2,0.2,0.2,0.3,0.4,0.4,0,0,0,0,0,0,0.2,0.4,0.5,0.6,0.7,0.8,0.8,0.8,0.7,0.7,0.6,0.6,0.5,0.4,0.4,0.4,0.4,0.4,0.4,0.5,0.5,0,0.1,0.2,0.3,0.4,0.6,0.7,0.8,0.9,0.9,0.9,0.8,0.7,0.7,0.6,0.5,0.5,0.4,0.4,0.4,0.4,0.4,0.4,0.4,0,0.2,0.3,0.4,0.5,0.6,0.7,0.8,0.9,0.9,0.9,0.8,0.8,0.7,0.6,0.6,0.5,0.4,0.4,0.4,0.4,0.4,0.4,0.4,0.2,0.2,0.3,0.4,0.4,0.5,0.6,0.7,0.8,0.8,0.8,0.7,0.7,0.6,0.6,0.5,0.4,0.3,0.2,0.2,0.2,0.2,0.2,0.2,0.3,0.3,0.3,0.3,0.4,0.4,0.5,0.6,0.6,0.7,0.7,0.6,0.6,0.6,0.5,0.4,0.4,0.2,0,0,0,0,0,0,0.4,0.3,0.3,0.3,0.2,0.3,0.4,0.5,0.5,0.5,0.5,0.5,0.5,0.5,0.4,0.4,0.3,0.2,0,0,0,0,0,0,0.4,0.4,0.3,0.2,0,0.2,0.3,0.3,0.4,0.4,0.4,0.4,0.4,0.4,0.4,0.3,0.3,0.2,0,0,0,0,0,0,0.4,0.4,0.4,0.3,0.2,0.2,0.2,0.2,0.2,0.2,0.2,0.2,0.2,0.2,0.2,0.3,0.3,0.2,0.2,0.1,0,0,0,0,0.4,0.4,0.4,0.3,0.3,0.2,0,0,0,0,0,0,0,0,0,0.2,0.3,0.3,0.3,0.2,0,0,0,0,0.2,0.2,0.2,0.2,0.2,0.1,0,0,0,0,0,0,0,0,0,0.2,0.3,0.3,0.3,0.2,0,0,0,0,0,0,0,0,0,0,0,0,0,0,0,0,0,0,0,0.2,0.3,0.3,0.3,0.2,0,0,0,0,0,0,0,0,0,0,0,0,0,0,0,0,0,0,0,0.2,0.3,0.3,0.2,0.1,0,0,0,0,0,0,0,0,0,0,0,0,0,0,0,0,0,0,0,0.2,0.3,0.2,0,0,0,0,0,0,0,0,0,0,0,0,0,0,0,0,0,0,0,0,0,0.1,0.2,0.1,0,0,0,0,0,0,0,0,0,0,0,0,0,0,0,0,0,0,0,0,0,0,0,0,0,0,0,0,0,0,0,0,0,0,0,0,0,0,0,0,0,0,0,0,0,0,0,0,0,0,0,0,0,0,0,0,0,0,0,0,0,0,0,0,0,0,0,0,0,0,0,0,0,0,0,0,0,0,0,0,0,0,0,0,0,0,0,0,0,0,0,0,0,0,0,0,0,0,0,0,0,0,0,0,0,0,0,0,0,0,0,0,0,0,0,0,0,0,0,0,0,0,0,0,0,0,0,0,0,0,0,0,0,0,0,0,0,0,0,0,0,0,0,0,0,0,0,0,0,0,0,0,0,0,0,0,0,0,0,0,0,0,0,0,0,0,0,0,0,0,0,0,0,0,0,0,0,0,0,0,0,0,0,0,0,0,0,0,0,0,0,0,0,0,0,0,0,0,0,0,0,0,0,0,0,0,0,0,0,0,0,0,0,0,0,0,0,0,0,0,0,0,0,0,0,0,0,0,0,0,0,0,0,0,0,0,0,0,0,0,0,0,0,0,0,0,0,0,0,0,0,0,0,0,0,0,0,0,0,0,0,0,0,0,0,0,0,0,0,0,0,0,0,0,0,0,0,0,0,0,0,0,0,0,0,0,0,0,0,0,0,0,0,0,0,0,0,0,0,0,0,0,0,0,0,0,0,0,0,0,0,0,0,0,0,0,0,0,0,0,0,0,0,0,0,0,0,0,0,0,0,0,0,0,0,0,0,0,0,0,0,0,0,0,0,0,0,0,0,0,0,0,0,0,0,0,0,0,0,0,0,0,0,0,0,0,0,0,0,0,0,0,0,0,0,0,0,0,0,0,0,0,0,0,0,0,0,0,0,0,0,0,0,0,0,0,0,0,0,0,0,0,0,0,0,0,0,0,0,0,0,0,0,0,0,0,0,0,0,0,0,0,0,0,0,0,0,0,0,0,0,0,0,0,0,0.1,0.2,0.2,0,0,0,0,0,0,0,0,0,0,0,0,0,0,0,0,0,0,0,0,0,0.2,0.3,0.3,0.2,0.2,0.2,0.1,0,0,0,0,0,0,0,0,0,0,0,0,0,0,0,0,0,0.2,0.3,0.3,0.4,0.4,0.3,0.2,0,0,0,0,0,0,0,0,0,0,0,0,0,0,0,0,0,0.2,0.3,0.3,0.5,0.4,0.4,0.2,0,0,0,0,0,0,0,0,0,0,0,0,0,0,0,0,0,0.2,0.3,0.3,0.5,0.5,0.4,0.2,0,0,0,0,0,0,0,0,0,0,0,0,0,0,0,0,0,0.2,0.3,0.3,0.5,0.5,0.4,0.3,0.2,0.1,0,0,0,0,0,0,0,0,0,0,0,0,0,0,0,0.2,0.3,0.3,0.5,0.5,0.4,0.4,0.3,0.2,0,0,0,0,0,0,0,0,0,0,0,0,0,0,0,0.2,0.4,0.4,0.5,0.4,0.4,0.4,0.3,0.3,0.2,0.2,0.2,0.2,0.2,0.1,0,0,0,0,0,0,0,0,0,0.2,0.3,0.3,0.4,0.4,0.4,0.4,0.4,0.4,0.4,0.4,0.4,0.4,0.4,0.2,0,0,0,0,0,0,0,0,0,0.2,0.3,0.3,0.4,0.4,0.4,0.4,0.4,0.4,0.4,0.5,0.5,0.4,0.4,0.3,0.2,0.1,0,0,0,0,0,0,0,0.1,0.2,0.2,0.4,0.4,0.3,0.4,0.4,0.4,0.5,0.5,0.5,0.5,0.4,0.4,0.3,0.2,0,0,0,0,0,0,0,0,0,0,0.4,0.4,0.3,0.4,0.4,0.4,0.5,0.5,0.5,0.5,0.4,0.4,0.3,0.2,0,0,0,0,0,0,0,0,0,0]",418,28.2,37.06%,0.0100,0.0253
1785909056953,1.908,0.9,"(11, 8)",0.4,659.375,"[0,0,0,0.4,0.3,0.3,0.2,0,0,0,0,0,0.2,0.3,0.3,0.4,0.4,0.5,0.6,0.6,0.6,0,0,0,0,0,0,0.2,0.2,0.2,0.1,0,0,0,0,0,0.1,0.2,0.2,0.2,0.3,0.4,0.5,0.6,0.6,0,0,0,0,0,0,0,0,0,0,0,0,0,0,0,0,0,0,0,0.2,0.4,0.5,0.6,0.6,0,0,0,0,0,0,0,0,0,0,0,0,0,0,0,0,0,0,0,0.2,0.4,0.4,0.5,0.5,0,0,0,0,0,0,0,0,0,0,0,0,0,0,0,0,0,0,0,0.2,0.3,0.4,0.4,0.4,0,0,0,0,0,0,0,0,0,0,0,0,0,0,0,0,0,0,0,0.1,0.2,0.3,0.4,0.4,0,0,0,0,0,0,0,0,0,0,0,0,0,0,0,0,0,0,0,0,0,0.2,0.3,0.3,0,0,0,0,0,0,0.2,0.2,0.2,0.2,0.2,0.2,0.2,0.2,0.2,0.1,0,0,0,0,0,0.2,0.4,0.4,0,0,0,0,0,0,0.4,0.4,0.5,0.5,0.5,0.4,0.4,0.4,0.3,0.2,0,0,0,0,0,0.2,0.4,0.4,0,0,0,0,0,0,0.5,0.6,0.6,0.6,0.6,0.6,0.5,0.5,0.4,0.3,0.2,0.2,0.2,0.2,0.2,0.3,0.4,0.4,0,0,0,0,0,0,0.2,0.4,0.5,0.7,0.7,0.8,0.8,0.8,0.8,0.7,0.6,0.6,0.5,0.4,0.4,0.4,0.4,0.4,0.4,0.5,0.5,0,0.1,0.2,0.3,0.4,0.6,0.7,0.8,0.9,0.9,0.9,0.8,0.7,0.7,0.6,0.5,0.5,0.4,0.4,0.4,0.4,0.4,0.5,0.5,0,0.2,0.3,0.4,0.5,0.6,0.7,0.8,0.9,0.9,0.9,0.8,0.8,0.7,0.6,0.6,0.5,0.4,0.4,0.4,0.4,0.4,0.4,0.4,0.2,0.2,0.3,0.4,0.4,0.5,0.6,0.7,0.8,0.8,0.8,0.7,0.7,0.6,0.6,0.5,0.4,0.3,0.2,0.2,0.2,0.2,0.2,0.2,0.3,0.3,0.3,0.3,0.4,0.4,0.5,0.6,0.6,0.7,0.7,0.6,0.6,0.6,0.5,0.4,0.4,0.2,0,0,0,0,0,0,0.4,0.3,0.3,0.3,0.2,0.3,0.4,0.5,0.5,0.5,0.5,0.5,0.5,0.5,0.4,0.4,0.3,0.2,0,0,0,0,0,0,0.4,0.4,0.3,0.2,0,0.2,0.3,0.3,0.4,0.4,0.4,0.4,0.4,0.4,0.4,0.3,0.3,0.2,0,0,0,0,0,0,0.4,0.4,0.4,0.3,0.2,0.2,0.2,0.2,0.2,0.2,0.2,0.2,0.2,0.2,0.2,0.3,0.3,0.2,0.2,0.1,0,0,0,0,0.4,0.4,0.4,0.3,0.3,0.2,0,0,0,0,0,0,0,0,0,0.2,0.3,0.3,0.3,0.2,0,0,0,0,0.2,0.2,0.2,0.2,0.2,0.1,0,0,0,0,0,0,0,0,0,0.2,0.3,0.3,0.3,0.2,0,0,0,0,0,0,0,0,0,0,0,0,0,0,0,0,0,0,0,0.2,0.3,0.3,0.3,0.2,0,0,0,0,0,0,0,0,0,0,0,0,0,0,0,0,0,0,0,0.2,0.3,0.3,0.2,0.1,0,0,0,0,0,0,0,0,0,0,0,0,0,0,0,0,0,0,0,0.2,0.3,0.2,0,0,0,0,0,0,0,0,0,0,0,0,0,0,0,0,0,0,0,0,0,0.1,0.2,0.1,0,0,0,0,0,0,0,0,0,0,0,0,0,0,0,0,0,0,0,0,0,0,0,0,0,0,0,0,0,0,0,0,0,0,0,0,0,0,0,0,0,0,0,0,0,0,0,0,0,0,0,0,0,0,0,0,0,0,0,0,0,0,0,0,0,0,0,0,0,0,0,0,0,0,0,0,0,0,0,0,0,0,0,0,0,0,0,0,0,0,0,0,0,0,0,0,0,0,0,0,0,0,0,0,0,0,0,0,0,0,0,0,0,0,0,0,0,0,0,0,0,0,0,0,0,0,0,0,0,0,0,0,0,0,0,0,0,0,0,0,0,0,0,0,0,0,0,0,0,0,0,0,0,0,0,0,0,0,0,0,0,0,0,0,0,0,0,0,0,0,0,0,0,0,0,0,0,0,0,0,0,0,0,0,0,0,0,0,0,0,0,0,0,0,0,0,0,0,0,0,0,0,0,0,0,0,0,0,0,0,0,0,0,0,0,0,0,0,0,0,0,0,0,0,0,0,0,0,0,0,0,0,0,0,0,0,0,0,0,0,0,0,0,0,0,0,0,0,0,0,0,0,0,0,0,0,0,0,0,0,0,0,0,0,0,0,0,0,0,0,0,0,0,0,0,0,0,0,0,0,0,0,0,0,0,0,0,0,0,0,0,0,0,0,0,0,0,0,0,0,0,0,0,0,0,0,0,0,0,0,0,0,0,0,0,0,0,0,0,0,0,0,0,0,0,0,0,0,0,0,0,0,0,0,0,0,0,0,0,0,0,0,0,0,0,0,0,0,0,0,0,0,0,0,0,0,0,0,0,0,0,0,0,0,0,0,0,0,0,0,0,0,0,0,0,0,0,0,0,0,0,0,0,0,0,0,0,0,0,0,0,0,0,0,0,0,0,0,0,0,0,0,0,0,0,0,0,0,0,0,0,0,0,0,0,0,0,0,0,0,0,0,0,0,0,0,0,0,0,0,0,0,0,0,0,0.1,0.2,0.2,0,0,0,0,0,0,0,0,0,0,0,0,0,0,0,0,0,0,0,0,0,0.2,0.3,0.3,0.2,0.2,0.2,0.1,0,0,0,0,0,0,0,0,0,0,0,0,0,0,0,0,0,0.2,0.3,0.3,0.4,0.4,0.3,0.2,0,0,0,0,0,0,0,0,0,0,0,0,0,0,0,0,0,0.2,0.3,0.3,0.5,0.4,0.4,0.2,0,0,0,0,0,0,0,0,0,0,0,0,0,0,0,0,0,0.2,0.3,0.3,0.5,0.5,0.4,0.2,0,0,0,0,0,0,0,0,0,0,0,0,0,0,0,0,0,0.2,0.3,0.3,0.5,0.5,0.4,0.3,0.2,0.1,0,0,0,0,0,0,0,0,0,0,0,0,0,0,0,0.2,0.3,0.3,0.5,0.5,0.4,0.4,0.3,0.2,0,0,0,0,0,0,0,0,0,0,0,0,0,0,0,0.2,0.4,0.4,0.5,0.4,0.4,0.4,0.3,0.3,0.2,0.2,0.2,0.2,0.2,0.1,0,0,0,0,0,0,0,0,0,0.2,0.3,0.3,0.4,0.4,0.4,0.4,0.4,0.4,0.4,0.4,0.4,0.4,0.4,0.2,0,0,0,0,0,0,0,0,0,0.2,0.3,0.3,0.4,0.4,0.4,0.4,0.4,0.4,0.4,0.5,0.5,0.4,0.4,0.3,0.2,0.1,0,0,0,0,0,0,0,0.1,0.2,0.2,0.4,0.4,0.3,0.4,0.4,0.4,0.5,0.5,0.5,0.5,0.4,0.4,0.3,0.2,0,0,0,0,0,0,0,0,0,0,0.4,0.4,0.3,0.4,0.4,0.4,0.5,0.5,0.5,0.5,0.4,0.4,0.3,0.2,0,0,0,0,0,0,0,0,0,0]",422,28.2,38.13%,0.0100,0.0253
1785909057036,1.991,0.9,"(11, 8)",0.4,653.125,"[0,0,0,0.4,0.2,0,0,0,0,0,0,0,0.2,0.3,0.3,0.4,0.4,0.5,0.6,0.6,0.6,0,0,0,0,0,0,0.2,0.1,0,0,0,0,0,0,0,0.1,0.2,0.2,0.2,0.3,0.4,0.5,0.6,0.6,0,0,0,0,0,0,0,0,0,0,0,0,0,0,0,0,0,0,0,0.2,0.4,0.5,0.6,0.6,0,0,0,0,0,0,0,0,0,0,0,0,0,0,0,0,0,0,0,0.2,0.4,0.4,0.5,0.5,0,0,0,0,0,0,0,0,0,0,0,0,0,0,0,0,0,0,0,0.2,0.3,0.4,0.4,0.4,0,0,0,0,0,0,0,0,0,0,0,0,0,0,0,0,0,0,0,0.1,0.2,0.3,0.4,0.4,0,0,0,0,0,0,0,0,0,0,0,0,0,0,0,0,0,0,0,0,0,0.2,0.3,0.3,0,0,0,0,0,0,0.2,0.2,0.2,0.2,0.2,0.2,0.2,0.2,0.2,0.1,0,0,0,0,0,0.2,0.4,0.4,0,0,0,0,0,0,0.4,0.4,0.5,0.5,0.4,0.4,0.4,0.4,0.3,0.2,0,0,0,0,0,0.2,0.4,0.4,0,0,0,0,0,0,0.5,0.6,0.6,0.6,0.6,0.6,0.5,0.5,0.4,0.3,0.2,0.2,0.2,0.2,0.2,0.3,0.4,0.4,0,0,0,0,0,0,0.2,0.4,0.5,0.6,0.7,0.8,0.8,0.8,0.7,0.7,0.6,0.6,0.5,0.4,0.4,0.4,0.4,0.4,0.4,0.5,0.5,0,0.1,0.2,0.3,0.4,0.6,0.7,0.8,0.9,0.9,0.9,0.8,0.7,0.7,0.6,0.5,0.5,0.4,0.4,0.4,0.4,0.4,0.4,0.4,0,0.2,0.3,0.4,0.5,0.6,0.7,0.8,0.9,0.9,0.9,0.8,0.8,0.7,0.6,0.6,0.5,0.4,0.4,0.4,0.4,0.4,0.4,0.4,0.2,0.2,0.3,0.4,0.4,0.5,0.6,0.7,0.8,0.8,0.8,0.7,0.7,0.6,0.6,0.5,0.4,0.3,0.2,0.2,0.2,0.2,0.2,0.2,0.3,0.3,0.3,0.3,0.4,0.4,0.5,0.6,0.6,0.7,0.7,0.6,0.6,0.6,0.5,0.4,0.4,0.2,0,0,0,0,0,0,0.4,0.3,0.3,0.3,0.2,0.3,0.4,0.5,0.5,0.5,0.5,0.5,0.5,0.5,0.4,0.4,0.3,0.2,0,0,0,0,0,0,0.4,0.4,0.3,0.2,0,0.2,0.3,0.3,0.4,0.4,0.4,0.4,0.4,0.4,0.4,0.3,0.3,0.2,0,0,0,0,0,0,0.4,0.4,0.4,0.3,0.2,0.2,0.2,0.2,0.2,0.2,0.2,0.2,0.2,0.2,0.2,0.3,0.3,0.2,0.2,0.1,0,0,0,0,0.4,0.4,0.4,0.3,0.3,0.2,0,0,0,0,0,0,0,0,0,0.2,0.3,0.3,0.3,0.2,0,0,0,0,0.2,0.2,0.2,0.2,0.2,0.1,0,0,0,0,0,0,0,0,0,0.2,0.3,0.3,0.3,0.2,0,0,0,0,0,0,0,0,0,0,0,0,0,0,0,0,0,0,0,0.2,0.3,0.3,0.3,0.2,0,0,0,0,0,0,0,0,0,0,0,0,0,0,0,0,0,0,0,0.2,0.3,0.3,0.2,0.1,0,0,0,0,0,0,0,0,0,0,0,0,0,0,0,0,0,0,0,0.2,0.3,0.2,0,0,0,0,0,0,0,0,0,0,0,0,0,0,0,0,0,0,0,0,0,0.1,0.2,0.1,0,0,0,0,0,0,0,0,0,0,0,0,0,0,0,0,0,0,0,0,0,0,0,0,0,0,0,0,0,0,0,0,0,0,0,0,0,0,0,0,0,0,0,0,0,0,0,0,0,0,0,0,0,0,0,0,0,0,0,0,0,0,0,0,0,0,0,0,0,0,0,0,0,0,0,0,0,0,0,0,0,0,0,0,0,0,0,0,0,0,0,0,0,0,0,0,0,0,0,0,0,0,0,0,0,0,0,0,0,0,0,0,0,0,0,0,0,0,0,0,0,0,0,0,0,0,0,0,0,0,0,0,0,0,0,0,0,0,0,0,0,0,0,0,0,0,0,0,0,0,0,0,0,0,0,0,0,0,0,0,0,0,0,0,0,0,0,0,0,0,0,0,0,0,0,0,0,0,0,0,0,0,0,0,0,0,0,0,0,0,0,0,0,0,0,0,0,0,0,0,0,0,0,0,0,0,0,0,0,0,0,0,0,0,0,0,0,0,0,0,0,0,0,0,0,0,0,0,0,0,0,0,0,0,0,0,0,0,0,0,0,0,0,0,0,0,0,0,0,0,0,0,0,0,0,0,0,0,0,0,0,0,0,0,0,0,0,0,0,0,0,0,0,0,0,0,0,0,0,0,0,0,0,0,0,0,0,0,0,0,0,0,0,0,0,0,0,0,0,0,0,0,0,0,0,0,0,0,0,0,0,0,0,0,0,0,0,0,0,0,0,0,0,0,0,0,0,0,0,0,0,0,0,0,0,0,0,0,0,0,0,0,0,0,0,0,0,0,0,0,0,0,0,0,0,0,0,0,0,0,0,0,0,0,0,0,0,0,0,0,0,0,0,0,0,0,0,0,0,0,0,0,0,0,0,0,0,0,0,0,0,0,0,0,0,0,0,0,0,0,0,0,0,0,0,0,0,0,0,0,0,0,0,0,0,0,0,0,0,0,0,0,0,0,0,0,0,0,0,0,0,0,0,0,0,0.1,0.2,0.2,0,0,0,0,0,0,0,0,0,0,0,0,0,0,0,0,0,0,0,0,0,0.2,0.3,0.3,0.2,0.2,0.2,0.1,0,0,0,0,0,0,0,0,0,0,0,0,0,0,0,0,0,0.2,0.3,0.3,0.4,0.4,0.3,0.2,0,0,0,0,0,0,0,0,0,0,0,0,0,0,0,0,0,0.2,0.3,0.3,0.5,0.4,0.4,0.2,0,0,0,0,0,0,0,0,0,0,0,0,0,0,0,0,0,0.2,0.3,0.3,0.5,0.5,0.4,0.2,0,0,0,0,0,0,0,0,0,0,0,0,0,0,0,0,0,0.2,0.3,0.3,0.5,0.5,0.4,0.3,0.2,0.1,0,0,0,0,0,0,0,0,0,0,0,0,0,0,0,0.2,0.3,0.3,0.5,0.5,0.4,0.4,0.3,0.2,0,0,0,0,0,0,0,0,0,0,0,0,0,0,0,0.2,0.4,0.4,0.5,0.4,0.4,0.4,0.3,0.3,0.2,0.2,0.2,0.2,0.2,0.1,0,0,0,0,0,0,0,0,0,0.2,0.3,0.3,0.4,0.4,0.4,0.4,0.4,0.4,0.4,0.4,0.4,0.4,0.4,0.2,0,0,0,0,0,0,0,0,0,0.2,0.3,0.3,0.4,0.4,0.4,0.4,0.4,0.4,0.4,0.5,0.5,0.4,0.4,0.3,0.2,0.1,0,0,0,0,0,0,0,0.1,0.2,0.2,0.4,0.4,0.3,0.4,0.4,0.4,0.5,0.5,0.5,0.5,0.4,0.4,0.3,0.2,0,0,0,0,0,0,0,0,0,0,0.4,0.4,0.3,0.4,0.4,0.4,0.5,0.5,0.5,0.5,0.4,0.4,0.3,0.2,0,0,0,0,0,0,0,0,0,0]",418,28.2,37.15%,0.0100,0.0253
1785909057119,2.074,0.9,"(11, 8)",0.4,675,"[0,0,0,0.4,0.2,0,0,0,0,0,0,0,0.2,0.3,0.3,0.4,0.4,0.5,0.6,0.6,0.6,0,0,0,0,0,0,0.2,0.1,0,0,0,0,0,0,0,0.1,0.2,0.2,0.2,0.3,0.4,0.5,0.6,0.6,0,0,0,0,0,0,0,0,0,0,0,0,0,0,0,0,0,0,0,0.2,0.4,0.5,0.6,0.6,0,0,0,0,0,0,0,0,0,0,0,0,0,0,0,0,0,0,0,0.2,0.4,0.4,0.5,0.5,0,0,0,0,0,0,0,0,0,0,0,0,0,0,0,0,0,0,0,0.2,0.3,0.4,0.4,0.4,0,0,0,0,0,0,0,0,0,0,0,0,0,0,0,0,0,0,0,0.1,0.2,0.3,0.4,0.4,0,0,0,0,0,0,0,0,0,0,0,0,0,0,0,0,0,0,0,0,0,0.2,0.3,0.3,0,0,0,0,0,0,0.2,0.2,0.2,0.2,0.2,0.2,0.2,0.2,0.2,0.1,0,0,0,0,0,0.2,0.4,0.4,0,0,0,0,0,0,0.4,0.4,0.5,0.5,0.5,0.4,0.4,0.4,0.3,0.2,0,0,0,0,0,0.2,0.4,0.4,0,0,0,0,0,0,0.5,0.6,0.7,0.6,0.6,0.6,0.5,0.5,0.4,0.3,0.2,0.2,0.2,0.2,0.2,0.3,0.4,0.4,0,0,0,0,0,0,0.2,0.4,0.5,0.7,0.7,0.8,0.8,0.8,0.8,0.7,0.6,0.6,0.5,0.4,0.4,0.4,0.4,0.4,0.4,0.5,0.5,0,0.1,0.2,0.3,0.4,0.6,0.7,0.8,0.9,0.9,0.9,0.8,0.7,0.7,0.6,0.5,0.5,0.4,0.4,0.4,0.4,0.4,0.5,0.5,0,0.2,0.3,0.4,0.5,0.6,0.7,0.8,0.9,0.9,0.9,0.8,0.8,0.7,0.6,0.6,0.5,0.4,0.4,0.4,0.4,0.4,0.4,0.4,0.2,0.2,0.3,0.4,0.4,0.5,0.6,0.7,0.8,0.8,0.8,0.7,0.7,0.6,0.6,0.5,0.4,0.3,0.2,0.2,0.2,0.2,0.2,0.2,0.3,0.3,0.3,0.3,0.4,0.4,0.5,0.6,0.7,0.7,0.7,0.6,0.6,0.6,0.5,0.4,0.4,0.2,0,0,0,0,0,0,0.4,0.3,0.3,0.3,0.2,0.3,0.4,0.5,0.5,0.5,0.5,0.5,0.5,0.5,0.4,0.4,0.4,0.2,0,0,0,0,0,0,0.4,0.4,0.3,0.2,0,0.2,0.3,0.3,0.4,0.4,0.4,0.4,0.4,0.4,0.4,0.3,0.3,0.2,0,0,0,0,0,0,0.4,0.4,0.4,0.3,0.2,0.2,0.2,0.2,0.2,0.2,0.2,0.2,0.2,0.2,0.2,0.3,0.3,0.3,0.2,0.1,0,0,0,0,0.4,0.4,0.4,0.3,0.3,0.2,0,0,0,0,0,0,0,0,0,0.2,0.3,0.3,0.3,0.2,0,0,0,0,0.2,0.2,0.2,0.2,0.2,0.1,0,0,0,0,0,0,0,0,0,0.2,0.3,0.3,0.3,0.3,0.2,0.1,0,0,0,0,0,0,0,0,0,0,0,0,0,0,0,0,0,0.2,0.3,0.4,0.4,0.3,0.3,0.2,0,0,0,0,0,0,0,0,0,0,0,0,0,0,0,0,0,0.2,0.3,0.3,0.3,0.2,0.2,0.1,0,0,0,0,0,0,0,0,0,0,0,0,0,0,0,0,0,0.2,0.3,0.3,0.3,0.2,0,0,0,0,0,0,0,0,0,0,0,0,0,0,0,0,0,0,0,0.1,0.2,0.2,0.2,0.1,0,0,0,0,0,0,0,0,0,0,0,0,0,0,0,0,0,0,0,0,0,0,0,0,0,0,0,0,0,0,0,0,0,0,0,0,0,0,0,0,0,0,0,0,0,0,0,0,0,0,0,0,0,0,0,0,0,0,0,0,0,0,0,0,0,0,0,0,0,0,0,0,0,0,0,0,0,0,0,0,0,0,0,0,0,0,0,0,0,0,0,0,0,0,0,0,0,0,0,0,0,0,0,0,0,0,0,0,0,0,0,0,0,0,0,0,0,0,0,0,0,0,0,0,0,0,0,0,0,0,0,0,0,0,0,0,0,0,0,0,0,0,0,0,0,0,0,0,0,0,0,0,0,0,0,0,0,0,0,0,0,0,0,0,0,0,0,0,0,0,0,0,0,0,0,0,0,0,0,0,0,0,0,0,0,0,0,0,0,0,0,0,0,0,0,0,0,0,0,0,0,0,0,0,0,0,0,0,0,0,0,0,0,0,0,0,0,0,0,0,0,0,0,0,0,0,0,0,0,0,0,0,0,0,0,0,0,0,0,0,0,0,0,0,0,0,0,0,0,0,0,0,0,0,0,0,0,0,0,0,0,0,0,0,0,0,0,0,0,0,0,0,0,0,0,0,0,0,0,0,0,0,0,0,0,0,0,0,0,0,0,0,0,0,0,0,0,0,0,0,0,0,0,0,0,0,0,0,0,0,0,0,0,0,0,0,0,0,0,0,0,0,0,0,0,0,0,0,0,0,0,0,0,0,0,0,0,0,0,0,0,0,0,0,0,0,0,0,0,0,0,0,0,0,0,0,0,0,0,0,0,0,0,0,0,0,0,0,0,0,0,0,0,0,0,0,0,0,0,0,0,0,0,0,0,0,0,0,0,0,0,0,0,0,0,0,0,0,0,0,0,0,0,0,0,0,0,0,0,0,0,0,0,0,0,0,0,0,0,0,0,0,0,0,0,0,0,0,0,0,0,0,0,0.1,0.2,0.2,0,0,0,0,0,0,0,0,0,0,0,0,0,0,0,0,0,0,0,0,0,0.2,0.3,0.3,0.2,0.2,0.2,0.1,0,0,0,0,0,0,0,0,0,0,0,0,0,0,0,0,0,0.2,0.3,0.3,0.4,0.4,0.3,0.2,0,0,0,0,0,0,0,0,0,0,0,0,0,0,0,0,0,0.2,0.3,0.3,0.5,0.4,0.4,0.3,0.2,0.1,0,0,0,0,0,0,0,0,0,0,0,0,0,0,0,0.2,0.3,0.3,0.6,0.5,0.5,0.4,0.3,0.2,0,0,0,0,0,0,0,0,0,0,0,0,0,0,0,0.2,0.3,0.3,0.5,0.5,0.4,0.4,0.3,0.2,0,0,0,0,0,0,0,0,0,0,0,0,0,0,0,0.2,0.3,0.3,0.5,0.5,0.4,0.4,0.3,0.2,0,0,0,0,0,0,0,0,0,0,0,0,0,0,0,0.2,0.4,0.4,0.5,0.4,0.4,0.4,0.3,0.3,0.2,0.2,0.2,0.2,0.2,0.1,0,0,0,0,0,0,0,0,0,0.2,0.3,0.3,0.4,0.4,0.4,0.4,0.4,0.4,0.4,0.4,0.4,0.4,0.4,0.2,0,0,0,0,0,0,0,0,0,0.2,0.3,0.3,0.4,0.4,0.4,0.4,0.4,0.4,0.4,0.5,0.5,0.4,0.4,0.3,0.2,0.1,0,0,0,0,0,0,0,0.1,0.2,0.2,0.4,0.4,0.4,0.4,0.4,0.4,0.5,0.5,0.5,0.5,0.4,0.4,0.3,0.2,0,0,0,0,0,0,0,0,0,0,0.4,0.4,0.4,0.4,0.4,0.4,0.5,0.5,0.5,0.5,0.4,0.4,0.3,0.2,0,0,0,0,0,0,0,0,0,0]",432,29.0,36.57%,0.0099,0.0253
1785909057203,2.158,0.9,"(11, 8)",0.4,681.25,"[0,0,0,0.4,0.3,0.3,0.2,0,0,0,0,0,0.2,0.3,0.3,0.4,0.4,0.5,0.6,0.6,0.6,0,0,0,0,0,0,0.2,0.2,0.2,0.1,0,0,0,0,0,0.1,0.2,0.2,0.2,0.3,0.4,0.5,0.6,0.6,0,0,0,0,0,0,0,0,0,0,0,0,0,0,0,0,0,0,0,0.2,0.4,0.5,0.6,0.6,0,0,0,0,0,0,0,0,0,0,0,0,0,0,0,0,0,0,0,0.2,0.4,0.4,0.5,0.5,0,0,0,0,0,0,0,0,0,0,0,0,0,0,0,0,0,0,0,0.2,0.3,0.4,0.4,0.4,0,0,0,0,0,0,0,0,0,0,0,0,0,0,0,0,0,0,0,0.1,0.2,0.3,0.4,0.4,0,0,0,0,0,0,0,0,0,0,0,0,0,0,0,0,0,0,0,0,0,0.2,0.3,0.3,0,0,0,0,0,0,0.2,0.2,0.2,0.2,0.2,0.2,0.2,0.2,0.2,0.1,0,0,0,0,0,0.2,0.4,0.4,0,0,0,0,0,0,0.4,0.4,0.5,0.5,0.5,0.4,0.4,0.4,0.3,0.2,0,0,0,0,0,0.2,0.4,0.4,0,0,0,0,0,0,0.5,0.6,0.6,0.6,0.6,0.6,0.5,0.5,0.4,0.3,0.2,0.2,0.2,0.2,0.2,0.3,0.4,0.4,0,0,0,0,0,0,0.2,0.4,0.5,0.7,0.7,0.8,0.8,0.8,0.7,0.7,0.6,0.6,0.5,0.4,0.4,0.4,0.4,0.4,0.4,0.5,0.5,0,0.1,0.2,0.3,0.4,0.6,0.7,0.8,0.9,0.9,0.9,0.8,0.7,0.7,0.6,0.5,0.5,0.4,0.4,0.4,0.4,0.4,0.5,0.5,0,0.2,0.3,0.4,0.5,0.6,0.7,0.8,0.9,0.9,0.9,0.8,0.8,0.7,0.6,0.6,0.5,0.4,0.4,0.4,0.4,0.4,0.4,0.4,0.2,0.3,0.3,0.4,0.4,0.5,0.6,0.7,0.8,0.8,0.8,0.7,0.7,0.6,0.6,0.5,0.4,0.3,0.2,0.2,0.2,0.2,0.2,0.2,0.3,0.3,0.3,0.4,0.4,0.4,0.5,0.6,0.6,0.7,0.7,0.6,0.6,0.6,0.5,0.4,0.4,0.2,0,0,0,0,0,0,0.4,0.3,0.3,0.3,0.2,0.3,0.4,0.5,0.5,0.5,0.5,0.5,0.5,0.5,0.4,0.4,0.4,0.2,0,0,0,0,0,0,0.4,0.4,0.3,0.2,0,0.2,0.3,0.3,0.4,0.4,0.4,0.4,0.4,0.4,0.4,0.3,0.3,0.2,0,0,0,0,0,0,0.4,0.4,0.4,0.3,0.2,0.2,0.2,0.2,0.2,0.2,0.2,0.2,0.2,0.2,0.2,0.3,0.3,0.3,0.2,0.1,0,0,0,0,0.4,0.4,0.4,0.4,0.3,0.2,0,0,0,0,0,0,0,0,0,0.2,0.3,0.3,0.3,0.2,0,0,0,0,0.2,0.2,0.2,0.2,0.2,0.1,0,0,0,0,0,0,0,0,0,0.2,0.3,0.3,0.4,0.3,0.2,0.1,0,0,0,0,0,0,0,0,0,0,0,0,0,0,0,0,0,0.2,0.3,0.4,0.4,0.3,0.3,0.2,0,0,0,0,0,0,0,0,0,0,0,0,0,0,0,0,0,0.2,0.3,0.3,0.3,0.2,0.2,0.1,0,0,0,0,0,0,0,0,0,0,0,0,0,0,0,0,0,0.2,0.3,0.3,0.3,0.2,0,0,0,0,0,0,0,0,0,0,0,0,0,0,0,0,0,0,0,0.1,0.2,0.2,0.2,0.1,0,0,0,0,0,0,0,0,0,0,0,0,0,0,0,0,0,0,0,0,0,0,0,0,0,0,0,0,0,0,0,0,0,0,0,0,0,0,0,0,0,0,0,0,0,0,0,0,0,0,0,0,0,0,0,0,0,0,0,0,0,0,0,0,0,0,0,0,0,0,0,0,0,0,0,0,0,0,0,0,0,0,0,0,0,0,0,0,0,0,0,0,0,0,0,0,0,0,0,0,0,0,0,0,0,0,0,0,0,0,0,0,0,0,0,0,0,0,0,0,0,0,0,0,0,0,0,0,0,0,0,0,0,0,0,0,0,0,0,0,0,0,0,0,0,0,0,0,0,0,0,0,0,0,0,0,0,0,0,0,0,0,0,0,0,0,0,0,0,0,0,0,0,0,0,0,0,0,0,0,0,0,0,0,0,0,0,0,0,0,0,0,0,0,0,0,0,0,0,0,0,0,0,0,0,0,0,0,0,0,0,0,0,0,0,0,0,0,0,0,0,0,0,0,0,0,0,0,0,0,0,0,0,0,0,0,0,0,0,0,0,0,0,0,0,0,0,0,0,0,0,0,0,0,0,0,0,0,0,0,0,0,0,0,0,0,0,0,0,0,0,0,0,0,0,0,0,0,0,0,0,0,0,0,0,0,0,0,0,0,0,0,0,0,0,0,0,0,0,0,0,0,0,0,0,0,0,0,0,0,0,0,0,0,0,0,0,0,0,0,0,0,0,0,0,0,0,0,0,0,0,0,0,0,0,0,0,0,0,0,0,0,0,0,0,0,0,0,0,0,0,0,0,0,0,0,0,0,0,0,0,0,0,0,0,0,0,0,0,0,0,0,0,0,0,0,0,0,0,0,0,0,0,0,0,0,0,0,0,0,0,0,0,0,0,0,0,0,0,0,0,0,0,0,0,0,0,0,0,0,0,0,0,0,0,0,0,0,0,0,0,0,0,0,0,0,0,0,0,0,0,0,0,0.1,0.2,0.2,0,0,0,0,0,0,0,0,0,0,0,0,0,0,0,0,0,0,0,0,0,0.2,0.3,0.3,0.2,0.2,0.2,0.1,0,0,0,0,0,0,0,0,0,0,0,0,0,0,0,0,0,0.2,0.3,0.3,0.4,0.4,0.3,0.2,0,0,0,0,0,0,0,0,0,0,0,0,0,0,0,0,0,0.2,0.3,0.3,0.5,0.4,0.4,0.3,0.2,0.1,0,0,0,0,0,0,0,0,0,0,0,0,0,0,0,0.2,0.3,0.3,0.6,0.5,0.5,0.4,0.3,0.2,0,0,0,0,0,0,0,0,0,0,0,0,0,0,0,0.2,0.3,0.3,0.5,0.5,0.4,0.4,0.3,0.2,0,0,0,0,0,0,0,0,0,0,0,0,0,0,0,0.2,0.3,0.3,0.5,0.5,0.4,0.4,0.3,0.2,0,0,0,0,0,0,0,0,0,0,0,0,0,0,0,0.2,0.4,0.4,0.5,0.4,0.4,0.4,0.3,0.3,0.2,0.2,0.2,0.2,0.2,0.1,0,0,0,0,0,0,0,0,0,0.2,0.3,0.3,0.4,0.4,0.4,0.4,0.4,0.4,0.4,0.4,0.4,0.4,0.4,0.2,0,0,0,0,0,0,0,0,0,0.2,0.3,0.3,0.4,0.4,0.4,0.4,0.4,0.4,0.4,0.5,0.5,0.4,0.4,0.3,0.2,0.1,0,0,0,0,0,0,0,0.1,0.2,0.2,0.4,0.4,0.4,0.4,0.4,0.4,0.5,0.5,0.5,0.5,0.4,0.4,0.3,0.2,0,0,0,0,0,0,0,0,0,0,0.4,0.4,0.4,0.4,0.4,0.4,0.5,0.5,0.5,0.5,0.4,0.4,0.3,0.2,0,0,0,0,0,0,0,0,0,0]",436,29.5,37.61%,0.0099,0.0253
1785909057286,2.241,0.9,"(11, 8)",0.4,681.25,"[0,0,0,0.4,0.3,0.3,0.2,0,0,0,0,0,0.2,0.3,0.3,0.4,0.4,0.5,0.6,0.6,0.6,0,0,0,0,0,0,0.2,0.2,0.2,0.1,0,0,0,0,0,0.1,0.2,0.2,0.2,0.3,0.4,0.5,0.6,0.6,0,0,0,0,0,0,0,0,0,0,0,0,0,0,0,0,0,0,0,0.2,0.4,0.5,0.6,0.6,0,0,0,0,0,0,0,0,0,0,0,0,0,0,0,0,0,0,0,0.2,0.4,0.4,0.5,0.5,0,0,0,0,0,0,0,0,0,0,0,0,0,0,0,0,0,0,0,0.2,0.3,0.4,0.4,0.4,0,0,0,0,0,0,0,0,0,0,0,0,0,0,0,0,0,0,0,0.1,0.2,0.3,0.4,0.4,0,0,0,0,0,0,0,0,0,0,0,0,0,0,0,0,0,0,0,0,0,0.2,0.3,0.3,0,0,0,0,0,0,0.2,0.2,0.2,0.2,0.2,0.2,0.2,0.2,0.2,0.1,0,0,0,0,0,0.2,0.4,0.4,0,0,0,0,0,0,0.4,0.4,0.5,0.5,0.5,0.4,0.4,0.4,0.3,0.2,0,0,0,0,0,0.2,0.4,0.4,0,0,0,0,0,0,0.5,0.6,0.6,0.6,0.6,0.6,0.5,0.5,0.4,0.3,0.2,0.2,0.2,0.2,0.2,0.3,0.4,0.4,0,0,0,0,0,0,0.2,0.4,0.5,0.7,0.7,0.8,0.8,0.8,0.7,0.7,0.6,0.6,0.5,0.4,0.4,0.4,0.4,0.4,0.4,0.5,0.5,0,0.1,0.2,0.3,0.4,0.6,0.7,0.8,0.9,0.9,0.9,0.8,0.7,0.7,0.6,0.5,0.5,0.4,0.4,0.4,0.4,0.4,0.5,0.5,0,0.2,0.3,0.4,0.5,0.6,0.7,0.8,0.9,0.9,0.9,0.8,0.8,0.7,0.6,0.6,0.5,0.4,0.4,0.4,0.4,0.4,0.4,0.4,0.2,0.3,0.3,0.4,0.4,0.5,0.6,0.7,0.8,0.8,0.8,0.7,0.7,0.6,0.6,0.5,0.4,0.3,0.2,0.2,0.2,0.2,0.2,0.2,0.3,0.3,0.3,0.4,0.4,0.4,0.5,0.6,0.6,0.7,0.7,0.6,0.6,0.6,0.5,0.4,0.4,0.2,0,0,0,0,0,0,0.4,0.3,0.3,0.3,0.2,0.3,0.4,0.5,0.5,0.5,0.5,0.5,0.5,0.5,0.4,0.4,0.4,0.2,0,0,0,0,0,0,0.4,0.4,0.3,0.2,0,0.2,0.3,0.3,0.4,0.4,0.4,0.4,0.4,0.4,0.4,0.3,0.3,0.2,0,0,0,0,0,0,0.4,0.4,0.4,0.3,0.2,0.2,0.2,0.2,0.2,0.2,0.2,0.2,0.2,0.2,0.2,0.3,0.3,0.3,0.2,0.1,0,0,0,0,0.4,0.4,0.4,0.4,0.3,0.2,0,0,0,0,0,0,0,0,0,0.2,0.3,0.3,0.3,0.2,0,0,0,0,0.2,0.2,0.2,0.2,0.2,0.1,0,0,0,0,0,0,0,0,0,0.2,0.3,0.3,0.4,0.3,0.2,0.1,0,0,0,0,0,0,0,0,0,0,0,0,0,0,0,0,0,0.2,0.3,0.4,0.4,0.3,0.3,0.2,0,0,0,0,0,0,0,0,0,0,0,0,0,0,0,0,0,0.2,0.3,0.3,0.3,0.2,0.2,0.1,0,0,0,0,0,0,0,0,0,0,0,0,0,0,0,0,0,0.2,0.3,0.3,0.3,0.2,0,0,0,0,0,0,0,0,0,0,0,0,0,0,0,0,0,0,0,0.1,0.2,0.2,0.2,0.1,0,0,0,0,0,0,0,0,0,0,0,0,0,0,0,0,0,0,0,0,0,0,0,0,0,0,0,0,0,0,0,0,0,0,0,0,0,0,0,0,0,0,0,0,0,0,0,0,0,0,0,0,0,0,0,0,0,0,0,0,0,0,0,0,0,0,0,0,0,0,0,0,0,0,0,0,0,0,0,0,0,0,0,0,0,0,0,0,0,0,0,0,0,0,0,0,0,0,0,0,0,0,0,0,0,0,0,0,0,0,0,0,0,0,0,0,0,0,0,0,0,0,0,0,0,0,0,0,0,0,0,0,0,0,0,0,0,0,0,0,0,0,0,0,0,0,0,0,0,0,0,0,0,0,0,0,0,0,0,0,0,0,0,0,0,0,0,0,0,0,0,0,0,0,0,0,0,0,0,0,0,0,0,0,0,0,0,0,0,0,0,0,0,0,0,0,0,0,0,0,0,0,0,0,0,0,0,0,0,0,0,0,0,0,0,0,0,0,0,0,0,0,0,0,0,0,0,0,0,0,0,0,0,0,0,0,0,0,0,0,0,0,0,0,0,0,0,0,0,0,0,0,0,0,0,0,0,0,0,0,0,0,0,0,0,0,0,0,0,0,0,0,0,0,0,0,0,0,0,0,0,0,0,0,0,0,0,0,0,0,0,0,0,0,0,0,0,0,0,0,0,0,0,0,0,0,0,0,0,0,0,0,0,0,0,0,0,0,0,0,0,0,0,0,0,0,0,0,0,0,0,0,0,0,0,0,0,0,0,0,0,0,0,0,0,0,0,0,0,0,0,0,0,0,0,0,0,0,0,0,0,0,0,0,0,0,0,0,0,0,0,0,0,0,0,0,0,0,0,0,0,0,0,0,0,0,0,0,0,0,0,0,0,0,0,0,0,0,0,0,0,0,0,0,0,0,0,0,0,0,0,0,0,0,0,0,0,0,0,0,0,0,0,0,0,0,0,0,0,0,0,0,0,0.1,0.2,0.2,0,0,0,0,0,0,0,0,0,0,0,0,0,0,0,0,0,0,0,0,0,0.2,0.3,0.3,0.2,0.2,0.2,0.1,0,0,0,0,0,0,0,0,0,0,0,0,0,0,0,0,0,0.2,0.3,0.3,0.4,0.4,0.3,0.2,0,0,0,0,0,0,0,0,0,0,0,0,0,0,0,0,0,0.2,0.3,0.3,0.5,0.4,0.4,0.3,0.2,0.1,0,0,0,0,0,0,0,0,0,0,0,0,0,0,0,0.2,0.3,0.3,0.6,0.5,0.5,0.4,0.3,0.2,0,0,0,0,0,0,0,0,0,0,0,0,0,0,0,0.2,0.3,0.3,0.5,0.5,0.4,0.4,0.3,0.2,0,0,0,0,0,0,0,0,0,0,0,0,0,0,0,0.2,0.3,0.3,0.5,0.5,0.4,0.4,0.3,0.2,0,0,0,0,0,0,0,0,0,0,0,0,0,0,0,0.2,0.4,0.4,0.5,0.4,0.4,0.4,0.3,0.3,0.2,0.2,0.2,0.2,0.2,0.1,0,0,0,0,0,0,0,0,0,0.2,0.3,0.3,0.4,0.4,0.4,0.4,0.4,0.4,0.4,0.4,0.4,0.4,0.4,0.2,0,0,0,0,0,0,0,0,0,0.2,0.3,0.3,0.4,0.4,0.4,0.4,0.4,0.4,0.4,0.5,0.5,0.4,0.4,0.3,0.2,0.1,0,0,0,0,0,0,0,0.1,0.2,0.2,0.4,0.4,0.4,0.4,0.4,0.4,0.5,0.5,0.5,0.5,0.4,0.4,0.3,0.2,0,0,0,0,0,0,0,0,0,0,0.4,0.4,0.4,0.4,0.4,0.4,0.5,0.5,0.5,0.5,0.4,0.4,0.3,0.2,0,0,0,0,0,0,0,0,0,0]",436,29.5,37.61%,0.0099,0.0253
1785909057366,2.321,0.9,"(11, 8)",0.4,653.125,"[0,0,0,0.3,0.2,0,0,0,0,0,0,0,0.2,0.3,0.3,0.4,0.4,0.5,0.5,0.6,0.6,0,0,0,0,0,0,0.2,0.1,0,0,0,0,0,0,0,0.1,0.2,0.2,0.2,0.3,0.4,0.5,0.6,0.6,0,0,0,0,0,0,0,0,0,0,0,0,0,0,0,0,0,0,0,0.2,0.4,0.5,0.6,0.6,0,0,0,0,0,0,0,0,0,0,0,0,0,0,0,0,0,0,0,0.2,0.4,0.4,0.5,0.5,0,0,0,0,0,0,0,0,0,0,0,0,0,0,0,0,0,0,0,0.2,0.3,0.4,0.4,0.4,0,0,0,0,0,0,0,0,0,0,0,0,0,0,0,0,0,0,0,0.1,0.2,0.3,0.4,0.4,0,0,0,0,0,0,0,0,0,0,0,0,0,0,0,0,0,0,0,0,0,0.2,0.3,0.3,0,0,0,0,0,0,0.2,0.2,0.2,0.2,0.2,0.2,0.2,0.2,0.2,0.1,0,0,0,0,0,0.2,0.4,0.4,0,0,0,0,0,0,0.4,0.4,0.5,0.5,0.4,0.4,0.4,0.4,0.3,0.2,0,0,0,0,0,0.2,0.4,0.4,0,0,0,0,0,0,0.5,0.6,0.6,0.6,0.6,0.6,0.5,0.5,0.4,0.3,0.2,0.2,0.2,0.2,0.2,0.3,0.4,0.4,0,0,0,0,0,0,0.2,0.4,0.5,0.7,0.7,0.8,0.8,0.8,0.8,0.7,0.6,0.6,0.5,0.4,0.4,0.4,0.4,0.4,0.4,0.5,0.5,0,0.1,0.2,0.3,0.4,0.6,0.7,0.8,0.9,0.9,0.9,0.8,0.7,0.7,0.6,0.5,0.5,0.4,0.4,0.4,0.4,0.4,0.5,0.5,0,0.2,0.3,0.4,0.5,0.6,0.7,0.8,0.9,0.9,0.9,0.8,0.8,0.7,0.6,0.6,0.5,0.4,0.4,0.4,0.4,0.4,0.4,0.4,0.2,0.2,0.3,0.4,0.4,0.5,0.6,0.7,0.8,0.8,0.8,0.7,0.7,0.6,0.6,0.5,0.4,0.3,0.2,0.2,0.2,0.2,0.2,0.2,0.3,0.3,0.3,0.3,0.4,0.4,0.5,0.6,0.6,0.7,0.7,0.6,0.6,0.6,0.5,0.4,0.4,0.2,0,0,0,0,0,0,0.4,0.3,0.3,0.3,0.2,0.3,0.4,0.5,0.5,0.5,0.5,0.5,0.5,0.5,0.4,0.4,0.3,0.2,0,0,0,0,0,0,0.4,0.4,0.3,0.2,0,0.2,0.3,0.3,0.4,0.4,0.4,0.4,0.4,0.4,0.4,0.3,0.3,0.2,0,0,0,0,0,0,0.4,0.4,0.4,0.3,0.2,0.2,0.2,0.2,0.2,0.2,0.2,0.2,0.2,0.2,0.2,0.3,0.3,0.2,0.2,0.1,0,0,0,0,0.4,0.4,0.4,0.3,0.3,0.2,0,0,0,0,0,0,0,0,0,0.2,0.3,0.3,0.3,0.2,0,0,0,0,0.2,0.2,0.2,0.2,0.2,0.1,0,0,0,0,0,0,0,0,0,0.2,0.3,0.3,0.3,0.2,0,0,0,0,0,0,0,0,0,0,0,0,0,0,0,0,0,0,0,0.2,0.3,0.3,0.3,0.2,0,0,0,0,0,0,0,0,0,0,0,0,0,0,0,0,0,0,0,0.2,0.3,0.3,0.2,0.1,0,0,0,0,0,0,0,0,0,0,0,0,0,0,0,0,0,0,0,0.2,0.3,0.2,0,0,0,0,0,0,0,0,0,0,0,0,0,0,0,0,0,0,0,0,0,0.1,0.2,0.1,0,0,0,0,0,0,0,0,0,0,0,0,0,0,0,0,0,0,0,0,0,0,0,0,0,0,0,0,0,0,0,0,0,0,0,0,0,0,0,0,0,0,0,0,0,0,0,0,0,0,0,0,0,0,0,0,0,0,0,0,0,0,0,0,0,0,0,0,0,0,0,0,0,0,0,0,0,0,0,0,0,0,0,0,0,0,0,0,0,0,0,0,0,0,0,0,0,0,0,0,0,0,0,0,0,0,0,0,0,0,0,0,0,0,0,0,0,0,0,0,0,0,0,0,0,0,0,0,0,0,0,0,0,0,0,0,0,0,0,0,0,0,0,0,0,0,0,0,0,0,0,0,0,0,0,0,0,0,0,0,0,0,0,0,0,0,0,0,0,0,0,0,0,0,0,0,0,0,0,0,0,0,0,0,0,0,0,0,0,0,0,0,0,0,0,0,0,0,0,0,0,0,0,0,0,0,0,0,0,0,0,0,0,0,0,0,0,0,0,0,0,0,0,0,0,0,0,0,0,0,0,0,0,0,0,0,0,0,0,0,0,0,0,0,0,0,0,0,0,0,0,0,0,0,0,0,0,0,0,0,0,0,0,0,0,0,0,0,0,0,0,0,0,0,0,0,0,0,0,0,0,0,0,0,0,0,0,0,0,0,0,0,0,0,0,0,0,0,0,0,0,0,0,0,0,0,0,0,0,0,0,0,0,0,0,0,0,0,0,0,0,0,0,0,0,0,0,0,0,0,0,0,0,0,0,0,0,0,0,0,0,0,0,0,0,0,0,0,0,0,0,0,0,0,0,0,0,0,0,0,0,0,0,0,0,0,0,0,0,0,0,0,0,0,0,0,0,0,0,0,0,0,0,0,0,0,0,0,0,0,0,0,0,0,0,0,0,0,0,0,0,0,0,0,0,0,0,0,0,0,0,0,0,0,0,0,0,0,0,0,0,0,0,0,0,0,0,0,0,0,0,0,0,0,0,0.1,0.2,0.2,0,0,0,0,0,0,0,0,0,0,0,0,0,0,0,0,0,0,0,0,0,0.2,0.3,0.3,0.2,0.2,0.2,0.1,0,0,0,0,0,0,0,0,0,0,0,0,0,0,0,0,0,0.2,0.3,0.3,0.4,0.4,0.3,0.2,0,0,0,0,0,0,0,0,0,0,0,0,0,0,0,0,0,0.2,0.3,0.3,0.5,0.4,0.4,0.2,0,0,0,0,0,0,0,0,0,0,0,0,0,0,0,0,0,0.2,0.3,0.3,0.5,0.5,0.4,0.2,0,0,0,0,0,0,0,0,0,0,0,0,0,0,0,0,0,0.2,0.3,0.3,0.5,0.5,0.4,0.3,0.2,0.1,0,0,0,0,0,0,0,0,0,0,0,0,0,0,0,0.2,0.3,0.3,0.5,0.5,0.4,0.4,0.3,0.2,0,0,0,0,0,0,0,0,0,0,0,0,0,0,0,0.2,0.4,0.4,0.5,0.4,0.4,0.4,0.3,0.3,0.2,0.2,0.2,0.2,0.2,0.1,0,0,0,0,0,0,0,0,0,0.2,0.3,0.3,0.4,0.4,0.4,0.4,0.4,0.4,0.4,0.4,0.4,0.4,0.4,0.2,0,0,0,0,0,0,0,0,0,0.2,0.3,0.3,0.4,0.4,0.4,0.4,0.4,0.4,0.4,0.5,0.5,0.4,0.4,0.3,0.2,0.1,0,0,0,0,0,0,0,0.1,0.2,0.2,0.4,0.4,0.3,0.4,0.4,0.4,0.5,0.5,0.5,0.5,0.4,0.4,0.3,0.2,0,0,0,0,0,0,0,0,0,0,0.4,0.4,0.3,0.4,0.4,0.4,0.5,0.5,0.5,0.5,0.4,0.4,0.3,0.2,0,0,0,0,0,0,0,0,0,0]",418,27.6,36.99%,0.0100,0.0253
1785909057452,2.407,0.9,"(11, 8)",0.4,668.75,"[0,0,0,0.4,0.2,0,0,0,0,0,0,0,0.2,0.3,0.3,0.4,0.4,0.5,0.6,0.6,0.6,0,0,0,0,0,0,0.2,0.1,0,0,0,0,0,0,0,0.1,0.2,0.2,0.2,0.3,0.4,0.5,0.6,0.6,0,0,0,0,0,0,0,0,0,0,0,0,0,0,0,0,0,0,0,0.2,0.4,0.5,0.6,0.6,0,0,0,0,0,0,0,0,0,0,0,0,0,0,0,0,0,0,0,0.2,0.4,0.4,0.5,0.5,0,0,0,0,0,0,0,0,0,0,0,0,0,0,0,0,0,0,0,0.2,0.3,0.4,0.4,0.4,0,0,0,0,0,0,0,0,0,0,0,0,0,0,0,0,0,0,0,0.1,0.2,0.3,0.4,0.4,0,0,0,0,0,0,0,0,0,0,0,0,0,0,0,0,0,0,0,0,0,0.2,0.3,0.3,0,0,0,0,0,0,0.2,0.2,0.2,0.2,0.2,0.2,0.2,0.2,0.2,0.1,0,0,0,0,0,0.2,0.4,0.4,0,0,0,0,0,0,0.4,0.4,0.5,0.5,0.5,0.4,0.4,0.4,0.3,0.2,0,0,0,0,0,0.2,0.4,0.4,0,0,0,0,0,0,0.5,0.6,0.6,0.6,0.6,0.6,0.5,0.5,0.4,0.3,0.2,0.2,0.2,0.2,0.2,0.3,0.4,0.4,0,0,0,0,0,0,0.2,0.4,0.5,0.7,0.7,0.8,0.8,0.8,0.7,0.7,0.6,0.6,0.5,0.4,0.4,0.4,0.4,0.4,0.4,0.5,0.5,0,0.1,0.2,0.3,0.4,0.6,0.7,0.8,0.9,0.9,0.9,0.8,0.7,0.7,0.6,0.5,0.5,0.4,0.4,0.4,0.4,0.4,0.5,0.5,0,0.2,0.3,0.4,0.5,0.6,0.7,0.8,0.9,0.9,0.9,0.8,0.8,0.7,0.6,0.6,0.5,0.4,0.4,0.4,0.4,0.4,0.4,0.4,0.2,0.2,0.3,0.4,0.4,0.5,0.6,0.7,0.8,0.8,0.8,0.7,0.7,0.6,0.6,0.5,0.4,0.3,0.2,0.2,0.2,0.2,0.2,0.2,0.3,0.3,0.3,0.3,0.4,0.4,0.5,0.6,0.6,0.7,0.7,0.6,0.6,0.6,0.5,0.4,0.4,0.2,0,0,0,0,0,0,0.4,0.3,0.3,0.3,0.2,0.3,0.4,0.5,0.5,0.5,0.5,0.5,0.5,0.5,0.4,0.4,0.4,0.2,0,0,0,0,0,0,0.4,0.4,0.3,0.2,0,0.2,0.3,0.3,0.4,0.4,0.4,0.4,0.4,0.4,0.4,0.3,0.3,0.2,0,0,0,0,0,0,0.4,0.4,0.4,0.3,0.2,0.2,0.2,0.2,0.2,0.2,0.2,0.2,0.2,0.2,0.2,0.3,0.3,0.3,0.2,0.1,0,0,0,0,0.4,0.4,0.4,0.3,0.3,0.2,0,0,0,0,0,0,0,0,0,0.2,0.3,0.3,0.3,0.2,0,0,0,0,0.2,0.2,0.2,0.2,0.2,0.1,0,0,0,0,0,0,0,0,0,0.2,0.3,0.3,0.3,0.3,0.2,0.1,0,0,0,0,0,0,0,0,0,0,0,0,0,0,0,0,0,0.2,0.3,0.4,0.4,0.3,0.3,0.2,0,0,0,0,0,0,0,0,0,0,0,0,0,0,0,0,0,0.2,0.3,0.3,0.3,0.2,0.2,0.1,0,0,0,0,0,0,0,0,0,0,0,0,0,0,0,0,0,0.2,0.3,0.3,0.3,0.2,0,0,0,0,0,0,0,0,0,0,0,0,0,0,0,0,0,0,0,0.1,0.2,0.2,0.2,0.1,0,0,0,0,0,0,0,0,0,0,0,0,0,0,0,0,0,0,0,0,0,0,0,0,0,0,0,0,0,0,0,0,0,0,0,0,0,0,0,0,0,0,0,0,0,0,0,0,0,0,0,0,0,0,0,0,0,0,0,0,0,0,0,0,0,0,0,0,0,0,0,0,0,0,0,0,0,0,0,0,0,0,0,0,0,0,0,0,0,0,0,0,0,0,0,0,0,0,0,0,0,0,0,0,0,0,0,0,0,0,0,0,0,0,0,0,0,0,0,0,0,0,0,0,0,0,0,0,0,0,0,0,0,0,0,0,0,0,0,0,0,0,0,0,0,0,0,0,0,0,0,0,0,0,0,0,0,0,0,0,0,0,0,0,0,0,0,0,0,0,0,0,0,0,0,0,0,0,0,0,0,0,0,0,0,0,0,0,0,0,0,0,0,0,0,0,0,0,0,0,0,0,0,0,0,0,0,0,0,0,0,0,0,0,0,0,0,0,0,0,0,0,0,0,0,0,0,0,0,0,0,0,0,0,0,0,0,0,0,0,0,0,0,0,0,0,0,0,0,0,0,0,0,0,0,0,0,0,0,0,0,0,0,0,0,0,0,0,0,0,0,0,0,0,0,0,0,0,0,0,0,0,0,0,0,0,0,0,0,0,0,0,0,0,0,0,0,0,0,0,0,0,0,0,0,0,0,0,0,0,0,0,0,0,0,0,0,0,0,0,0,0,0,0,0,0,0,0,0,0,0,0,0,0,0,0,0,0,0,0,0,0,0,0,0,0,0,0,0,0,0,0,0,0,0,0,0,0,0,0,0,0,0,0,0,0,0,0,0,0,0,0,0,0,0,0,0,0,0,0,0,0,0,0,0,0,0,0,0,0,0,0,0,0,0,0,0,0,0,0,0,0,0,0,0,0,0,0,0,0,0,0,0,0,0,0,0,0,0,0,0,0,0,0,0,0,0,0,0,0,0,0,0,0.1,0.2,0.2,0,0,0,0,0,0,0,0,0,0,0,0,0,0,0,0,0,0,0,0,0,0.2,0.3,0.3,0.2,0.2,0.2,0.1,0,0,0,0,0,0,0,0,0,0,0,0,0,0,0,0,0,0.2,0.3,0.3,0.4,0.4,0.3,0.2,0,0,0,0,0,0,0,0,0,0,0,0,0,0,0,0,0,0.2,0.3,0.3,0.5,0.4,0.4,0.2,0,0,0,0,0,0,0,0,0,0,0,0,0,0,0,0,0,0.2,0.3,0.3,0.5,0.5,0.4,0.2,0,0,0,0,0,0,0,0,0,0,0,0,0,0,0,0,0,0.2,0.3,0.3,0.5,0.5,0.4,0.3,0.2,0.1,0,0,0,0,0,0,0,0,0,0,0,0,0,0,0,0.2,0.3,0.3,0.5,0.5,0.4,0.4,0.3,0.2,0,0,0,0,0,0,0,0,0,0,0,0,0,0,0,0.2,0.4,0.4,0.5,0.4,0.4,0.4,0.3,0.3,0.2,0.2,0.2,0.2,0.2,0.1,0,0,0,0,0,0,0,0,0,0.2,0.3,0.3,0.4,0.4,0.4,0.4,0.4,0.4,0.4,0.4,0.4,0.4,0.4,0.2,0,0,0,0,0,0,0,0,0,0.2,0.3,0.3,0.4,0.4,0.4,0.4,0.4,0.4,0.4,0.5,0.5,0.4,0.4,0.3,0.2,0.1,0,0,0,0,0,0,0,0.1,0.2,0.2,0.4,0.4,0.4,0.4,0.4,0.4,0.5,0.5,0.5,0.5,0.4,0.4,0.3,0.2,0,0,0,0,0,0,0,0,0,0,0.4,0.4,0.4,0.4,0.4,0.4,0.5,0.5,0.5,0.5,0.4,0.4,0.3,0.2,0,0,0,0,0,0,0,0,0,0]",428,28.7,37.56%,0.0099,0.0253
1785909057535,2.490,0.9,"(11, 8)",0.4,668.75,"[0,0,0,0.4,0.2,0,0,0,0,0,0,0,0.2,0.3,0.3,0.4,0.4,0.5,0.6,0.6,0.6,0,0,0,0,0,0,0.2,0.1,0,0,0,0,0,0,0,0.1,0.2,0.2,0.2,0.3,0.4,0.5,0.6,0.6,0,0,0,0,0,0,0,0,0,0,0,0,0,0,0,0,0,0,0,0.2,0.4,0.5,0.6,0.6,0,0,0,0,0,0,0,0,0,0,0,0,0,0,0,0,0,0,0,0.2,0.4,0.4,0.5,0.5,0,0,0,0,0,0,0,0,0,0,0,0,0,0,0,0,0,0,0,0.2,0.3,0.4,0.4,0.4,0,0,0,0,0,0,0,0,0,0,0,0,0,0,0,0,0,0,0,0.1,0.2,0.3,0.4,0.4,0,0,0,0,0,0,0,0,0,0,0,0,0,0,0,0,0,0,0,0,0,0.2,0.3,0.3,0,0,0,0,0,0,0.2,0.2,0.2,0.2,0.2,0.2,0.2,0.2,0.2,0.1,0,0,0,0,0,0.2,0.4,0.4,0,0,0,0,0,0,0.4,0.4,0.5,0.5,0.5,0.4,0.4,0.4,0.3,0.2,0,0,0,0,0,0.2,0.4,0.4,0,0,0,0,0,0,0.5,0.6,0.6,0.6,0.6,0.6,0.5,0.5,0.4,0.3,0.2,0.2,0.2,0.2,0.2,0.3,0.4,0.4,0,0,0,0,0,0,0.2,0.4,0.5,0.7,0.7,0.8,0.8,0.8,0.7,0.7,0.6,0.6,0.5,0.4,0.4,0.4,0.4,0.4,0.4,0.5,0.5,0,0.1,0.2,0.3,0.4,0.6,0.7,0.8,0.9,0.9,0.9,0.8,0.7,0.7,0.6,0.5,0.5,0.4,0.4,0.4,0.4,0.4,0.5,0.5,0,0.2,0.3,0.4,0.5,0.6,0.7,0.8,0.9,0.9,0.9,0.8,0.8,0.7,0.6,0.6,0.5,0.4,0.4,0.4,0.4,0.4,0.4,0.4,0.2,0.2,0.3,0.4,0.4,0.5,0.6,0.7,0.8,0.8,0.8,0.7,0.7,0.6,0.6,0.5,0.4,0.3,0.2,0.2,0.2,0.2,0.2,0.2,0.3,0.3,0.3,0.3,0.4,0.4,0.5,0.6,0.6,0.7,0.7,0.6,0.6,0.6,0.5,0.4,0.4,0.2,0,0,0,0,0,0,0.4,0.3,0.3,0.3,0.2,0.3,0.4,0.5,0.5,0.5,0.5,0.5,0.5,0.5,0.4,0.4,0.4,0.2,0,0,0,0,0,0,0.4,0.4,0.3,0.2,0,0.2,0.3,0.3,0.4,0.4,0.4,0.4,0.4,0.4,0.4,0.3,0.3,0.2,0,0,0,0,0,0,0.4,0.4,0.4,0.3,0.2,0.2,0.2,0.2,0.2,0.2,0.2,0.2,0.2,0.2,0.2,0.3,0.3,0.3,0.2,0.1,0,0,0,0,0.4,0.4,0.4,0.3,0.3,0.2,0,0,0,0,0,0,0,0,0,0.2,0.3,0.3,0.3,0.2,0,0,0,0,0.2,0.2,0.2,0.2,0.2,0.1,0,0,0,0,0,0,0,0,0,0.2,0.3,0.3,0.3,0.3,0.2,0.1,0,0,0,0,0,0,0,0,0,0,0,0,0,0,0,0,0,0.2,0.3,0.4,0.4,0.3,0.3,0.2,0,0,0,0,0,0,0,0,0,0,0,0,0,0,0,0,0,0.2,0.3,0.3,0.3,0.2,0.2,0.1,0,0,0,0,0,0,0,0,0,0,0,0,0,0,0,0,0,0.2,0.3,0.3,0.3,0.2,0,0,0,0,0,0,0,0,0,0,0,0,0,0,0,0,0,0,0,0.1,0.2,0.2,0.2,0.1,0,0,0,0,0,0,0,0,0,0,0,0,0,0,0,0,0,0,0,0,0,0,0,0,0,0,0,0,0,0,0,0,0,0,0,0,0,0,0,0,0,0,0,0,0,0,0,0,0,0,0,0,0,0,0,0,0,0,0,0,0,0,0,0,0,0,0,0,0,0,0,0,0,0,0,0,0,0,0,0,0,0,0,0,0,0,0,0,0,0,0,0,0,0,0,0,0,0,0,0,0,0,0,0,0,0,0,0,0,0,0,0,0,0,0,0,0,0,0,0,0,0,0,0,0,0,0,0,0,0,0,0,0,0,0,0,0,0,0,0,0,0,0,0,0,0,0,0,0,0,0,0,0,0,0,0,0,0,0,0,0,0,0,0,0,0,0,0,0,0,0,0,0,0,0,0,0,0,0,0,0,0,0,0,0,0,0,0,0,0,0,0,0,0,0,0,0,0,0,0,0,0,0,0,0,0,0,0,0,0,0,0,0,0,0,0,0,0,0,0,0,0,0,0,0,0,0,0,0,0,0,0,0,0,0,0,0,0,0,0,0,0,0,0,0,0,0,0,0,0,0,0,0,0,0,0,0,0,0,0,0,0,0,0,0,0,0,0,0,0,0,0,0,0,0,0,0,0,0,0,0,0,0,0,0,0,0,0,0,0,0,0,0,0,0,0,0,0,0,0,0,0,0,0,0,0,0,0,0,0,0,0,0,0,0,0,0,0,0,0,0,0,0,0,0,0,0,0,0,0,0,0,0,0,0,0,0,0,0,0,0,0,0,0,0,0,0,0,0,0,0,0,0,0,0,0,0,0,0,0,0,0,0,0,0,0,0,0,0,0,0,0,0,0,0,0,0,0,0,0,0,0,0,0,0,0,0,0,0,0,0,0,0,0,0,0,0,0,0,0,0,0,0,0,0,0,0,0,0,0,0,0,0,0,0,0,0,0,0,0,0,0,0,0,0,0,0,0,0,0,0,0,0,0.1,0.2,0.2,0,0,0,0,0,0,0,0,0,0,0,0,0,0,0,0,0,0,0,0,0,0.2,0.3,0.3,0.2,0.2,0.2,0.1,0,0,0,0,0,0,0,0,0,0,0,0,0,0,0,0,0,0.2,0.3,0.3,0.4,0.4,0.3,0.2,0,0,0,0,0,0,0,0,0,0,0,0,0,0,0,0,0,0.2,0.3,0.3,0.5,0.4,0.4,0.2,0,0,0,0,0,0,0,0,0,0,0,0,0,0,0,0,0,0.2,0.3,0.3,0.5,0.5,0.4,0.2,0,0,0,0,0,0,0,0,0,0,0,0,0,0,0,0,0,0.2,0.3,0.3,0.5,0.5,0.4,0.3,0.2,0.1,0,0,0,0,0,0,0,0,0,0,0,0,0,0,0,0.2,0.3,0.3,0.5,0.5,0.4,0.4,0.3,0.2,0,0,0,0,0,0,0,0,0,0,0,0,0,0,0,0.2,0.4,0.4,0.5,0.4,0.4,0.4,0.3,0.3,0.2,0.2,0.2,0.2,0.2,0.1,0,0,0,0,0,0,0,0,0,0.2,0.3,0.3,0.4,0.4,0.4,0.4,0.4,0.4,0.4,0.4,0.4,0.4,0.4,0.2,0,0,0,0,0,0,0,0,0,0.2,0.3,0.3,0.4,0.4,0.4,0.4,0.4,0.4,0.4,0.5,0.5,0.4,0.4,0.3,0.2,0.1,0,0,0,0,0,0,0,0.1,0.2,0.2,0.4,0.4,0.4,0.4,0.4,0.4,0.5,0.5,0.5,0.5,0.4,0.4,0.3,0.2,0,0,0,0,0,0,0,0,0,0,0.4,0.4,0.4,0.4,0.4,0.4,0.5,0.5,0.5,0.5,0.4,0.4,0.3,0.2,0,0,0,0,0,0,0,0,0,0]",428,28.7,37.56%,0.0099,0.0253
1785909057615,2.570,0.9,"(11, 8)",0.4,668.75,"[0,0,0,0.4,0.2,0,0,0,0,0,0,0,0.2,0.3,0.3,0.4,0.4,0.5,0.5,0.6,0.6,0,0,0,0,0,0,0.2,0.1,0,0,0,0,0,0,0,0.1,0.2,0.2,0.2,0.3,0.4,0.5,0.6,0.6,0,0,0,0,0,0,0,0,0,0,0,0,0,0,0,0,0,0,0,0.2,0.4,0.5,0.6,0.6,0,0,0,0,0,0,0,0,0,0,0,0,0,0,0,0,0,0,0,0.2,0.4,0.4,0.5,0.5,0,0,0,0,0,0,0,0,0,0,0,0,0,0,0,0,0,0,0,0.2,0.3,0.4,0.4,0.4,0,0,0,0,0,0,0,0,0,0,0,0,0,0,0,0,0,0,0,0.1,0.2,0.3,0.4,0.4,0,0,0,0,0,0,0,0,0,0,0,0,0,0,0,0,0,0,0,0,0,0.2,0.3,0.3,0,0,0,0,0,0,0.2,0.2,0.2,0.2,0.2,0.2,0.2,0.2,0.2,0.1,0,0,0,0,0,0.2,0.4,0.4,0,0,0,0,0,0,0.4,0.4,0.5,0.5,0.5,0.4,0.4,0.4,0.3,0.2,0,0,0,0,0,0.2,0.4,0.4,0,0,0,0,0,0,0.5,0.6,0.6,0.6,0.6,0.6,0.5,0.5,0.4,0.3,0.2,0.2,0.2,0.2,0.2,0.3,0.4,0.4,0,0,0,0,0,0,0.2,0.4,0.5,0.7,0.7,0.8,0.8,0.8,0.7,0.7,0.6,0.6,0.5,0.4,0.4,0.4,0.4,0.4,0.4,0.5,0.5,0,0.1,0.2,0.3,0.4,0.6,0.7,0.8,0.9,0.9,0.9,0.8,0.7,0.7,0.6,0.5,0.5,0.4,0.4,0.4,0.4,0.4,0.5,0.5,0,0.2,0.3,0.4,0.5,0.6,0.7,0.8,0.9,0.9,0.9,0.8,0.8,0.7,0.6,0.6,0.5,0.4,0.4,0.4,0.4,0.4,0.4,0.4,0.2,0.2,0.3,0.4,0.4,0.5,0.6,0.7,0.8,0.8,0.8,0.7,0.7,0.6,0.6,0.5,0.4,0.3,0.2,0.2,0.2,0.2,0.2,0.2,0.3,0.3,0.3,0.3,0.4,0.4,0.5,0.6,0.6,0.7,0.7,0.6,0.6,0.6,0.5,0.4,0.4,0.2,0,0,0,0,0,0,0.4,0.3,0.3,0.3,0.2,0.3,0.4,0.5,0.5,0.5,0.5,0.5,0.5,0.5,0.4,0.4,0.4,0.2,0,0,0,0,0,0,0.4,0.4,0.3,0.2,0,0.2,0.3,0.3,0.4,0.4,0.4,0.4,0.4,0.4,0.4,0.3,0.3,0.2,0,0,0,0,0,0,0.4,0.4,0.3,0.3,0.2,0.2,0.2,0.2,0.2,0.2,0.2,0.2,0.2,0.2,0.2,0.3,0.3,0.3,0.2,0.1,0,0,0,0,0.4,0.4,0.4,0.3,0.3,0.2,0,0,0,0,0,0,0,0,0,0.2,0.3,0.3,0.3,0.2,0,0,0,0,0.2,0.2,0.2,0.2,0.2,0.1,0,0,0,0,0,0,0,0,0,0.2,0.3,0.3,0.3,0.3,0.2,0.1,0,0,0,0,0,0,0,0,0,0,0,0,0,0,0,0,0,0.2,0.3,0.4,0.4,0.3,0.3,0.2,0,0,0,0,0,0,0,0,0,0,0,0,0,0,0,0,0,0.2,0.3,0.3,0.3,0.2,0.2,0.1,0,0,0,0,0,0,0,0,0,0,0,0,0,0,0,0,0,0.2,0.3,0.3,0.3,0.2,0,0,0,0,0,0,0,0,0,0,0,0,0,0,0,0,0,0,0,0.1,0.2,0.2,0.2,0.1,0,0,0,0,0,0,0,0,0,0,0,0,0,0,0,0,0,0,0,0,0,0,0,0,0,0,0,0,0,0,0,0,0,0,0,0,0,0,0,0,0,0,0,0,0,0,0,0,0,0,0,0,0,0,0,0,0,0,0,0,0,0,0,0,0,0,0,0,0,0,0,0,0,0,0,0,0,0,0,0,0,0,0,0,0,0,0,0,0,0,0,0,0,0,0,0,0,0,0,0,0,0,0,0,0,0,0,0,0,0,0,0,0,0,0,0,0,0,0,0,0,0,0,0,0,0,0,0,0,0,0,0,0,0,0,0,0,0,0,0,0,0,0,0,0,0,0,0,0,0,0,0,0,0,0,0,0,0,0,0,0,0,0,0,0,0,0,0,0,0,0,0,0,0,0,0,0,0,0,0,0,0,0,0,0,0,0,0,0,0,0,0,0,0,0,0,0,0,0,0,0,0,0,0,0,0,0,0,0,0,0,0,0,0,0,0,0,0,0,0,0,0,0,0,0,0,0,0,0,0,0,0,0,0,0,0,0,0,0,0,0,0,0,0,0,0,0,0,0,0,0,0,0,0,0,0,0,0,0,0,0,0,0,0,0,0,0,0,0,0,0,0,0,0,0,0,0,0,0,0,0,0,0,0,0,0,0,0,0,0,0,0,0,0,0,0,0,0,0,0,0,0,0,0,0,0,0,0,0,0,0,0,0,0,0,0,0,0,0,0,0,0,0,0,0,0,0,0,0,0,0,0,0,0,0,0,0,0,0,0,0,0,0,0,0,0,0,0,0,0,0,0,0,0,0,0,0,0,0,0,0,0,0,0,0,0,0,0,0,0,0,0,0,0,0,0,0,0,0,0,0,0,0,0,0,0,0,0,0,0,0,0,0,0,0,0,0,0,0,0,0,0,0,0,0,0,0,0,0,0,0,0,0,0,0,0,0,0,0,0,0,0,0,0,0,0,0,0,0,0,0,0,0,0.1,0.2,0.2,0,0,0,0,0,0,0,0,0,0,0,0,0,0,0,0,0,0,0,0,0,0.2,0.3,0.3,0.2,0.2,0.2,0.1,0,0,0,0,0,0,0,0,0,0,0,0,0,0,0,0,0,0.2,0.3,0.3,0.4,0.4,0.3,0.2,0,0,0,0,0,0,0,0,0,0,0,0,0,0,0,0,0,0.2,0.3,0.3,0.5,0.4,0.4,0.2,0,0,0,0,0,0,0,0,0,0,0,0,0,0,0,0,0,0.2,0.3,0.3,0.5,0.5,0.4,0.2,0,0,0,0,0,0,0,0,0,0,0,0,0,0,0,0,0,0.2,0.3,0.3,0.5,0.5,0.4,0.3,0.2,0.1,0,0,0,0,0,0,0,0,0,0,0,0,0,0,0,0.2,0.3,0.3,0.5,0.5,0.4,0.4,0.3,0.2,0,0,0,0,0,0,0,0,0,0,0,0,0,0,0,0.2,0.4,0.4,0.5,0.4,0.4,0.4,0.3,0.3,0.2,0.2,0.2,0.2,0.2,0.1,0,0,0,0,0,0,0,0,0,0.2,0.3,0.3,0.4,0.4,0.4,0.4,0.4,0.4,0.4,0.4,0.4,0.4,0.4,0.2,0,0,0,0,0,0,0,0,0,0.2,0.3,0.3,0.4,0.4,0.4,0.4,0.4,0.4,0.4,0.5,0.5,0.4,0.4,0.3,0.2,0.1,0,0,0,0,0,0,0,0.1,0.2,0.2,0.4,0.4,0.4,0.4,0.4,0.4,0.5,0.5,0.5,0.5,0.4,0.4,0.3,0.2,0,0,0,0,0,0,0,0,0,0,0.4,0.4,0.4,0.4,0.4,0.4,0.5,0.5,0.5,0.5,0.4,0.4,0.3,0.2,0,0,0,0,0,0,0,0,0,0]",428,28.7,37.61%,0.0099,0.0253
1785909057701,2.656,0.9,"(11, 8)",0.4,681.25,"[0,0,0,0.4,0.3,0.3,0.2,0,0,0,0,0,0.2,0.3,0.3,0.4,0.4,0.5,0.6,0.6,0.6,0,0,0,0,0,0,0.2,0.2,0.2,0.1,0,0,0,0,0,0.1,0.2,0.2,0.2,0.3,0.4,0.5,0.6,0.6,0,0,0,0,0,0,0,0,0,0,0,0,0,0,0,0,0,0,0,0.2,0.4,0.5,0.6,0.6,0,0,0,0,0,0,0,0,0,0,0,0,0,0,0,0,0,0,0,0.2,0.4,0.4,0.5,0.5,0,0,0,0,0,0,0,0,0,0,0,0,0,0,0,0,0,0,0,0.2,0.3,0.4,0.4,0.4,0,0,0,0,0,0,0,0,0,0,0,0,0,0,0,0,0,0,0,0.1,0.2,0.3,0.4,0.4,0,0,0,0,0,0,0,0,0,0,0,0,0,0,0,0,0,0,0,0,0,0.2,0.3,0.3,0,0,0,0,0,0,0.2,0.2,0.2,0.2,0.2,0.2,0.2,0.2,0.2,0.1,0,0,0,0,0,0.2,0.4,0.4,0,0,0,0,0,0,0.4,0.4,0.5,0.5,0.5,0.4,0.4,0.4,0.3,0.2,0,0,0,0,0,0.2,0.4,0.4,0,0,0,0,0,0,0.5,0.6,0.6,0.6,0.6,0.6,0.5,0.5,0.4,0.3,0.2,0.2,0.2,0.2,0.2,0.3,0.4,0.4,0,0,0,0,0,0,0.2,0.4,0.5,0.7,0.7,0.8,0.8,0.8,0.7,0.7,0.6,0.6,0.5,0.4,0.4,0.4,0.4,0.4,0.4,0.5,0.5,0,0.1,0.2,0.3,0.4,0.6,0.7,0.8,0.9,0.9,0.9,0.8,0.7,0.7,0.6,0.5,0.5,0.4,0.4,0.4,0.4,0.4,0.5,0.5,0,0.2,0.3,0.4,0.5,0.6,0.7,0.8,0.9,0.9,0.9,0.8,0.8,0.7,0.6,0.6,0.5,0.4,0.4,0.4,0.4,0.4,0.4,0.4,0.2,0.3,0.3,0.4,0.4,0.5,0.6,0.7,0.8,0.8,0.8,0.7,0.7,0.6,0.6,0.5,0.4,0.3,0.2,0.2,0.2,0.2,0.2,0.2,0.3,0.3,0.3,0.4,0.4,0.4,0.5,0.6,0.6,0.7,0.7,0.6,0.6,0.6,0.5,0.4,0.4,0.2,0,0,0,0,0,0,0.4,0.3,0.3,0.3,0.2,0.3,0.4,0.5,0.5,0.5,0.5,0.5,0.5,0.5,0.4,0.4,0.4,0.2,0,0,0,0,0,0,0.4,0.4,0.3,0.2,0,0.2,0.3,0.3,0.4,0.4,0.4,0.4,0.4,0.4,0.4,0.3,0.3,0.2,0,0,0,0,0,0,0.4,0.4,0.4,0.3,0.2,0.2,0.2,0.2,0.2,0.2,0.2,0.2,0.2,0.2,0.2,0.3,0.3,0.3,0.2,0.1,0,0,0,0,0.4,0.4,0.4,0.4,0.3,0.2,0,0,0,0,0,0,0,0,0,0.2,0.3,0.3,0.3,0.2,0,0,0,0,0.2,0.2,0.2,0.2,0.2,0.1,0,0,0,0,0,0,0,0,0,0.2,0.3,0.3,0.4,0.3,0.2,0.1,0,0,0,0,0,0,0,0,0,0,0,0,0,0,0,0,0,0.2,0.3,0.4,0.4,0.3,0.3,0.2,0,0,0,0,0,0,0,0,0,0,0,0,0,0,0,0,0,0.2,0.3,0.3,0.3,0.2,0.2,0.1,0,0,0,0,0,0,0,0,0,0,0,0,0,0,0,0,0,0.2,0.3,0.3,0.3,0.2,0,0,0,0,0,0,0,0,0,0,0,0,0,0,0,0,0,0,0,0.1,0.2,0.2,0.2,0.1,0,0,0,0,0,0,0,0,0,0,0,0,0,0,0,0,0,0,0,0,0,0,0,0,0,0,0,0,0,0,0,0,0,0,0,0,0,0,0,0,0,0,0,0,0,0,0,0,0,0,0,0,0,0,0,0,0,0,0,0,0,0,0,0,0,0,0,0,0,0,0,0,0,0,0,0,0,0,0,0,0,0,0,0,0,0,0,0,0,0,0,0,0,0,0,0,0,0,0,0,0,0,0,0,0,0,0,0,0,0,0,0,0,0,0,0,0,0,0,0,0,0,0,0,0,0,0,0,0,0,0,0,0,0,0,0,0,0,0,0,0,0,0,0,0,0,0,0,0,0,0,0,0,0,0,0,0,0,0,0,0,0,0,0,0,0,0,0,0,0,0,0,0,0,0,0,0,0,0,0,0,0,0,0,0,0,0,0,0,0,0,0,0,0,0,0,0,0,0,0,0,0,0,0,0,0,0,0,0,0,0,0,0,0,0,0,0,0,0,0,0,0,0,0,0,0,0,0,0,0,0,0,0,0,0,0,0,0,0,0,0,0,0,0,0,0,0,0,0,0,0,0,0,0,0,0,0,0,0,0,0,0,0,0,0,0,0,0,0,0,0,0,0,0,0,0,0,0,0,0,0,0,0,0,0,0,0,0,0,0,0,0,0,0,0,0,0,0,0,0,0,0,0,0,0,0,0,0,0,0,0,0,0,0,0,0,0,0,0,0,0,0,0,0,0,0,0,0,0,0,0,0,0,0,0,0,0,0,0,0,0,0,0,0,0,0,0,0,0,0,0,0,0,0,0,0,0,0,0,0,0,0,0,0,0,0,0,0,0,0,0,0,0,0,0,0,0,0,0,0,0,0,0,0,0,0,0,0,0,0,0,0,0,0,0,0,0,0,0,0,0,0,0,0,0,0,0,0,0,0,0,0,0,0,0,0,0,0,0,0,0,0,0,0,0,0,0,0,0,0,0,0,0,0.1,0.2,0.2,0,0,0,0,0,0,0,0,0,0,0,0,0,0,0,0,0,0,0,0,0,0.2,0.3,0.3,0.2,0.2,0.2,0.1,0,0,0,0,0,0,0,0,0,0,0,0,0,0,0,0,0,0.2,0.3,0.3,0.4,0.4,0.3,0.2,0,0,0,0,0,0,0,0,0,0,0,0,0,0,0,0,0,0.2,0.3,0.3,0.5,0.4,0.4,0.3,0.2,0.1,0,0,0,0,0,0,0,0,0,0,0,0,0,0,0,0.2,0.3,0.3,0.6,0.5,0.5,0.4,0.3,0.2,0,0,0,0,0,0,0,0,0,0,0,0,0,0,0,0.2,0.3,0.3,0.5,0.5,0.4,0.4,0.3,0.2,0,0,0,0,0,0,0,0,0,0,0,0,0,0,0,0.2,0.3,0.3,0.5,0.5,0.4,0.4,0.3,0.2,0,0,0,0,0,0,0,0,0,0,0,0,0,0,0,0.2,0.4,0.4,0.5,0.4,0.4,0.4,0.3,0.3,0.2,0.2,0.2,0.2,0.2,0.1,0,0,0,0,0,0,0,0,0,0.2,0.3,0.3,0.4,0.4,0.4,0.4,0.4,0.4,0.4,0.4,0.4,0.4,0.4,0.2,0,0,0,0,0,0,0,0,0,0.2,0.3,0.3,0.4,0.4,0.4,0.4,0.4,0.4,0.4,0.5,0.5,0.5,0.4,0.3,0.2,0.1,0,0,0,0,0,0,0,0.1,0.2,0.2,0.4,0.4,0.4,0.4,0.4,0.4,0.5,0.5,0.5,0.5,0.4,0.4,0.3,0.2,0,0,0,0,0,0,0,0,0,0,0.4,0.4,0.4,0.4,0.4,0.4,0.5,0.5,0.5,0.5,0.4,0.4,0.3,0.2,0,0,0,0,0,0,0,0,0,0]",436,29.4,37.59%,0.0099,0.0253
1785909057781,2.736,0.9,"(11, 8)",0.4,659.375,"[0,0,0,0.4,0.3,0.3,0.2,0,0,0,0,0,0.2,0.3,0.3,0.4,0.4,0.5,0.5,0.6,0.6,0,0,0,0,0,0,0.2,0.2,0.2,0.1,0,0,0,0,0,0.1,0.2,0.2,0.2,0.3,0.4,0.5,0.6,0.6,0,0,0,0,0,0,0,0,0,0,0,0,0,0,0,0,0,0,0,0.2,0.4,0.5,0.6,0.6,0,0,0,0,0,0,0,0,0,0,0,0,0,0,0,0,0,0,0,0.2,0.4,0.4,0.5,0.5,0,0,0,0,0,0,0,0,0,0,0,0,0,0,0,0,0,0,0,0.2,0.3,0.4,0.4,0.4,0,0,0,0,0,0,0,0,0,0,0,0,0,0,0,0,0,0,0,0.1,0.2,0.3,0.4,0.4,0,0,0,0,0,0,0,0,0,0,0,0,0,0,0,0,0,0,0,0,0,0.2,0.3,0.3,0,0,0,0,0,0,0.2,0.2,0.2,0.2,0.2,0.2,0.2,0.2,0.2,0.1,0,0,0,0,0,0.2,0.4,0.4,0,0,0,0,0,0,0.4,0.4,0.5,0.5,0.5,0.4,0.4,0.4,0.3,0.2,0,0,0,0,0,0.2,0.4,0.4,0,0,0,0,0,0,0.5,0.6,0.6,0.6,0.6,0.6,0.5,0.5,0.4,0.3,0.2,0.2,0.2,0.2,0.2,0.3,0.4,0.4,0,0,0,0,0,0,0.2,0.4,0.5,0.6,0.7,0.8,0.8,0.8,0.7,0.7,0.6,0.6,0.5,0.4,0.4,0.4,0.4,0.4,0.4,0.5,0.5,0,0.1,0.2,0.3,0.4,0.6,0.7,0.8,0.9,0.9,0.9,0.8,0.7,0.7,0.6,0.5,0.5,0.4,0.4,0.4,0.4,0.4,0.5,0.5,0,0.2,0.3,0.4,0.5,0.6,0.7,0.8,0.9,0.9,0.9,0.8,0.8,0.7,0.6,0.6,0.5,0.4,0.4,0.4,0.4,0.4,0.4,0.4,0.2,0.2,0.3,0.4,0.4,0.5,0.6,0.7,0.8,0.8,0.8,0.7,0.7,0.6,0.6,0.5,0.4,0.3,0.2,0.2,0.2,0.2,0.2,0.2,0.3,0.3,0.3,0.3,0.4,0.4,0.5,0.6,0.6,0.7,0.7,0.6,0.6,0.6,0.5,0.4,0.4,0.2,0,0,0,0,0,0,0.4,0.3,0.3,0.3,0.2,0.3,0.4,0.5,0.5,0.5,0.5,0.5,0.5,0.5,0.4,0.4,0.4,0.2,0,0,0,0,0,0,0.4,0.4,0.3,0.2,0,0.2,0.3,0.3,0.4,0.4,0.4,0.4,0.4,0.4,0.4,0.3,0.3,0.2,0,0,0,0,0,0,0.4,0.4,0.4,0.3,0.2,0.2,0.2,0.2,0.2,0.2,0.2,0.2,0.2,0.2,0.2,0.3,0.3,0.3,0.2,0.1,0,0,0,0,0.4,0.4,0.4,0.3,0.3,0.2,0,0,0,0,0,0,0,0,0,0.2,0.3,0.3,0.3,0.2,0,0,0,0,0.2,0.2,0.2,0.2,0.2,0.1,0,0,0,0,0,0,0,0,0,0.2,0.3,0.3,0.3,0.2,0,0,0,0,0,0,0,0,0,0,0,0,0,0,0,0,0,0,0,0.2,0.3,0.3,0.3,0.2,0,0,0,0,0,0,0,0,0,0,0,0,0,0,0,0,0,0,0,0.2,0.3,0.3,0.2,0.1,0,0,0,0,0,0,0,0,0,0,0,0,0,0,0,0,0,0,0,0.2,0.3,0.2,0,0,0,0,0,0,0,0,0,0,0,0,0,0,0,0,0,0,0,0,0,0.1,0.2,0.1,0,0,0,0,0,0,0,0,0,0,0,0,0,0,0,0,0,0,0,0,0,0,0,0,0,0,0,0,0,0,0,0,0,0,0,0,0,0,0,0,0,0,0,0,0,0,0,0,0,0,0,0,0,0,0,0,0,0,0,0,0,0,0,0,0,0,0,0,0,0,0,0,0,0,0,0,0,0,0,0,0,0,0,0,0,0,0,0,0,0,0,0,0,0,0,0,0,0,0,0,0,0,0,0,0,0,0,0,0,0,0,0,0,0,0,0,0,0,0,0,0,0,0,0,0,0,0,0,0,0,0,0,0,0,0,0,0,0,0,0,0,0,0,0,0,0,0,0,0,0,0,0,0,0,0,0,0,0,0,0,0,0,0,0,0,0,0,0,0,0,0,0,0,0,0,0,0,0,0,0,0,0,0,0,0,0,0,0,0,0,0,0,0,0,0,0,0,0,0,0,0,0,0,0,0,0,0,0,0,0,0,0,0,0,0,0,0,0,0,0,0,0,0,0,0,0,0,0,0,0,0,0,0,0,0,0,0,0,0,0,0,0,0,0,0,0,0,0,0,0,0,0,0,0,0,0,0,0,0,0,0,0,0,0,0,0,0,0,0,0,0,0,0,0,0,0,0,0,0,0,0,0,0,0,0,0,0,0,0,0,0,0,0,0,0,0,0,0,0,0,0,0,0,0,0,0,0,0,0,0,0,0,0,0,0,0,0,0,0,0,0,0,0,0,0,0,0,0,0,0,0,0,0,0,0,0,0,0,0,0,0,0,0,0,0,0,0,0,0,0,0,0,0,0,0,0,0,0,0,0,0,0,0,0,0,0,0,0,0,0,0,0,0,0,0,0,0,0,0,0,0,0,0,0,0,0,0,0,0,0,0,0,0,0,0,0,0,0,0,0,0,0,0,0,0,0,0,0,0,0,0,0,0,0,0,0,0,0,0,0,0,0,0,0,0,0,0,0,0,0,0,0,0,0,0,0.1,0.2,0.2,0,0,0,0,0,0,0,0,0,0,0,0,0,0,0,0,0,0,0,0,0,0.2,0.3,0.3,0.2,0.2,0.2,0.1,0,0,0,0,0,0,0,0,0,0,0,0,0,0,0,0,0,0.2,0.3,0.3,0.4,0.4,0.3,0.2,0,0,0,0,0,0,0,0,0,0,0,0,0,0,0,0,0,0.2,0.3,0.3,0.5,0.4,0.4,0.2,0,0,0,0,0,0,0,0,0,0,0,0,0,0,0,0,0,0.2,0.3,0.3,0.6,0.5,0.4,0.2,0,0,0,0,0,0,0,0,0,0,0,0,0,0,0,0,0,0.2,0.3,0.3,0.5,0.5,0.4,0.3,0.2,0.1,0,0,0,0,0,0,0,0,0,0,0,0,0,0,0,0.2,0.3,0.3,0.5,0.5,0.4,0.4,0.3,0.2,0,0,0,0,0,0,0,0,0,0,0,0,0,0,0,0.2,0.4,0.4,0.5,0.4,0.4,0.4,0.3,0.3,0.2,0.2,0.2,0.2,0.2,0.1,0,0,0,0,0,0,0,0,0,0.2,0.3,0.3,0.4,0.4,0.4,0.4,0.4,0.4,0.4,0.4,0.4,0.4,0.4,0.2,0,0,0,0,0,0,0,0,0,0.2,0.3,0.3,0.4,0.4,0.4,0.4,0.4,0.4,0.4,0.5,0.5,0.4,0.4,0.3,0.2,0.1,0,0,0,0,0,0,0,0.1,0.2,0.2,0.4,0.4,0.3,0.4,0.4,0.4,0.5,0.5,0.5,0.5,0.4,0.4,0.3,0.2,0,0,0,0,0,0,0,0,0,0,0.4,0.4,0.3,0.4,0.4,0.4,0.5,0.5,0.5,0.5,0.4,0.4,0.3,0.2,0,0,0,0,0,0,0,0,0,0]",422,28.4,38.13%,0.0100,0.0253
1785909057862,2.817,0.9,"(11, 8)",0.4,659.375,"[0,0,0,0.4,0.3,0.3,0.2,0,0,0,0,0,0.2,0.3,0.3,0.4,0.4,0.5,0.6,0.6,0.6,0,0,0,0,0,0,0.2,0.2,0.2,0.1,0,0,0,0,0,0.1,0.2,0.2,0.2,0.3,0.4,0.5,0.6,0.6,0,0,0,0,0,0,0,0,0,0,0,0,0,0,0,0,0,0,0,0.2,0.4,0.5,0.6,0.6,0,0,0,0,0,0,0,0,0,0,0,0,0,0,0,0,0,0,0,0.2,0.4,0.4,0.5,0.5,0,0,0,0,0,0,0,0,0,0,0,0,0,0,0,0,0,0,0,0.2,0.3,0.4,0.4,0.4,0,0,0,0,0,0,0,0,0,0,0,0,0,0,0,0,0,0,0,0.1,0.2,0.3,0.4,0.4,0,0,0,0,0,0,0,0,0,0,0,0,0,0,0,0,0,0,0,0,0,0.2,0.3,0.3,0,0,0,0,0,0,0.2,0.2,0.2,0.2,0.2,0.2,0.2,0.2,0.2,0.1,0,0,0,0,0,0.2,0.4,0.4,0,0,0,0,0,0,0.4,0.4,0.5,0.5,0.4,0.4,0.4,0.4,0.3,0.2,0,0,0,0,0,0.2,0.4,0.4,0,0,0,0,0,0,0.5,0.6,0.6,0.6,0.6,0.6,0.5,0.5,0.4,0.3,0.2,0.2,0.2,0.2,0.2,0.3,0.4,0.4,0,0,0,0,0,0,0.2,0.4,0.5,0.6,0.7,0.8,0.8,0.8,0.7,0.7,0.6,0.6,0.5,0.4,0.4,0.4,0.4,0.4,0.4,0.5,0.5,0,0.1,0.2,0.3,0.4,0.6,0.7,0.8,0.9,0.9,0.9,0.8,0.7,0.7,0.6,0.5,0.5,0.4,0.4,0.4,0.4,0.4,0.5,0.5,0,0.2,0.3,0.4,0.5,0.6,0.7,0.8,0.9,0.9,0.9,0.8,0.8,0.7,0.6,0.6,0.5,0.4,0.4,0.4,0.4,0.4,0.4,0.4,0.2,0.2,0.3,0.4,0.4,0.5,0.6,0.7,0.8,0.8,0.8,0.7,0.7,0.6,0.6,0.5,0.4,0.3,0.2,0.2,0.2,0.2,0.2,0.2,0.3,0.3,0.3,0.3,0.4,0.4,0.5,0.6,0.6,0.7,0.7,0.6,0.6,0.6,0.5,0.4,0.4,0.2,0,0,0,0,0,0,0.4,0.3,0.3,0.3,0.2,0.3,0.4,0.5,0.5,0.5,0.5,0.5,0.5,0.5,0.4,0.4,0.3,0.2,0,0,0,0,0,0,0.4,0.4,0.3,0.2,0,0.2,0.3,0.3,0.4,0.4,0.4,0.4,0.4,0.4,0.4,0.3,0.3,0.2,0,0,0,0,0,0,0.4,0.4,0.4,0.3,0.2,0.2,0.2,0.2,0.2,0.2,0.2,0.2,0.2,0.2,0.2,0.3,0.3,0.2,0.2,0.1,0,0,0,0,0.4,0.4,0.4,0.3,0.3,0.2,0,0,0,0,0,0,0,0,0,0.2,0.3,0.3,0.3,0.2,0,0,0,0,0.2,0.2,0.2,0.2,0.2,0.1,0,0,0,0,0,0,0,0,0,0.2,0.3,0.3,0.3,0.2,0,0,0,0,0,0,0,0,0,0,0,0,0,0,0,0,0,0,0,0.2,0.3,0.3,0.3,0.2,0,0,0,0,0,0,0,0,0,0,0,0,0,0,0,0,0,0,0,0.2,0.3,0.3,0.2,0.1,0,0,0,0,0,0,0,0,0,0,0,0,0,0,0,0,0,0,0,0.2,0.3,0.2,0,0,0,0,0,0,0,0,0,0,0,0,0,0,0,0,0,0,0,0,0,0.1,0.2,0.1,0,0,0,0,0,0,0,0,0,0,0,0,0,0,0,0,0,0,0,0,0,0,0,0,0,0,0,0,0,0,0,0,0,0,0,0,0,0,0,0,0,0,0,0,0,0,0,0,0,0,0,0,0,0,0,0,0,0,0,0,0,0,0,0,0,0,0,0,0,0,0,0,0,0,0,0,0,0,0,0,0,0,0,0,0,0,0,0,0,0,0,0,0,0,0,0,0,0,0,0,0,0,0,0,0,0,0,0,0,0,0,0,0,0,0,0,0,0,0,0,0,0,0,0,0,0,0,0,0,0,0,0,0,0,0,0,0,0,0,0,0,0,0,0,0,0,0,0,0,0,0,0,0,0,0,0,0,0,0,0,0,0,0,0,0,0,0,0,0,0,0,0,0,0,0,0,0,0,0,0,0,0,0,0,0,0,0,0,0,0,0,0,0,0,0,0,0,0,0,0,0,0,0,0,0,0,0,0,0,0,0,0,0,0,0,0,0,0,0,0,0,0,0,0,0,0,0,0,0,0,0,0,0,0,0,0,0,0,0,0,0,0,0,0,0,0,0,0,0,0,0,0,0,0,0,0,0,0,0,0,0,0,0,0,0,0,0,0,0,0,0,0,0,0,0,0,0,0,0,0,0,0,0,0,0,0,0,0,0,0,0,0,0,0,0,0,0,0,0,0,0,0,0,0,0,0,0,0,0,0,0,0,0,0,0,0,0,0,0,0,0,0,0,0,0,0,0,0,0,0,0,0,0,0,0,0,0,0,0,0,0,0,0,0,0,0,0,0,0,0,0,0,0,0,0,0,0,0,0,0,0,0,0,0,0,0,0,0,0,0,0,0,0,0,0,0,0,0,0,0,0,0,0,0,0,0,0,0,0,0,0,0,0,0,0,0,0,0,0,0,0,0,0,0,0,0,0,0,0,0,0,0,0,0,0,0,0,0,0,0,0,0,0,0,0,0,0,0,0,0,0,0,0,0,0,0.1,0.2,0.2,0,0,0,0,0,0,0,0,0,0,0,0,0,0,0,0,0,0,0,0,0,0.2,0.3,0.3,0.2,0.2,0.2,0.1,0,0,0,0,0,0,0,0,0,0,0,0,0,0,0,0,0,0.2,0.3,0.3,0.4,0.4,0.3,0.2,0,0,0,0,0,0,0,0,0,0,0,0,0,0,0,0,0,0.2,0.3,0.3,0.5,0.4,0.4,0.2,0,0,0,0,0,0,0,0,0,0,0,0,0,0,0,0,0,0.2,0.3,0.3,0.6,0.5,0.4,0.2,0,0,0,0,0,0,0,0,0,0,0,0,0,0,0,0,0,0.2,0.3,0.3,0.5,0.5,0.4,0.3,0.2,0.1,0,0,0,0,0,0,0,0,0,0,0,0,0,0,0,0.2,0.3,0.3,0.5,0.5,0.4,0.4,0.3,0.2,0,0,0,0,0,0,0,0,0,0,0,0,0,0,0,0.2,0.4,0.4,0.5,0.4,0.4,0.4,0.3,0.3,0.2,0.2,0.2,0.2,0.2,0.1,0,0,0,0,0,0,0,0,0,0.2,0.3,0.3,0.4,0.4,0.4,0.4,0.4,0.4,0.4,0.4,0.4,0.4,0.4,0.2,0,0,0,0,0,0,0,0,0,0.2,0.3,0.3,0.4,0.4,0.4,0.4,0.4,0.4,0.4,0.5,0.5,0.4,0.4,0.3,0.2,0.1,0,0,0,0,0,0,0,0.1,0.2,0.2,0.4,0.4,0.4,0.4,0.4,0.4,0.5,0.5,0.5,0.5,0.4,0.4,0.3,0.2,0,0,0,0,0,0,0,0,0,0,0.4,0.4,0.4,0.4,0.4,0.4,0.5,0.5,0.5,0.5,0.4,0.4,0.3,0.2,0,0,0,0,0,0,0,0,0,0]",422,28.3,38.10%,0.0100,0.0253
1785909057942,2.897,0.9,"(11, 8)",0.4,653.125,"[0,0,0,0.4,0.2,0,0,0,0,0,0,0,0.2,0.3,0.3,0.4,0.4,0.5,0.5,0.6,0.6,0,0,0,0,0,0,0.2,0.1,0,0,0,0,0,0,0,0.1,0.2,0.2,0.2,0.3,0.4,0.5,0.6,0.6,0,0,0,0,0,0,0,0,0,0,0,0,0,0,0,0,0,0,0,0.2,0.4,0.5,0.6,0.6,0,0,0,0,0,0,0,0,0,0,0,0,0,0,0,0,0,0,0,0.2,0.4,0.4,0.5,0.5,0,0,0,0,0,0,0,0,0,0,0,0,0,0,0,0,0,0,0,0.2,0.3,0.4,0.4,0.4,0,0,0,0,0,0,0,0,0,0,0,0,0,0,0,0,0,0,0,0.1,0.2,0.3,0.4,0.4,0,0,0,0,0,0,0,0,0,0,0,0,0,0,0,0,0,0,0,0,0,0.2,0.3,0.3,0,0,0,0,0,0,0.2,0.2,0.2,0.2,0.2,0.2,0.2,0.2,0.2,0.1,0,0,0,0,0,0.2,0.4,0.4,0,0,0,0,0,0,0.4,0.4,0.5,0.5,0.5,0.4,0.4,0.4,0.3,0.2,0,0,0,0,0,0.2,0.4,0.4,0,0,0,0,0,0,0.5,0.6,0.7,0.6,0.6,0.6,0.5,0.5,0.4,0.3,0.2,0.2,0.2,0.2,0.2,0.3,0.4,0.4,0,0,0,0,0,0,0.2,0.4,0.5,0.7,0.7,0.8,0.8,0.8,0.8,0.7,0.6,0.6,0.5,0.4,0.4,0.4,0.4,0.4,0.4,0.5,0.5,0,0.1,0.2,0.3,0.4,0.6,0.7,0.8,0.9,0.9,0.9,0.8,0.7,0.7,0.6,0.5,0.5,0.4,0.4,0.4,0.4,0.4,0.5,0.5,0,0.2,0.3,0.4,0.5,0.6,0.7,0.8,0.9,0.9,0.9,0.8,0.8,0.7,0.6,0.6,0.5,0.4,0.4,0.4,0.4,0.4,0.4,0.4,0.2,0.2,0.3,0.4,0.4,0.5,0.6,0.7,0.8,0.8,0.8,0.7,0.7,0.6,0.6,0.5,0.4,0.3,0.2,0.2,0.2,0.2,0.2,0.2,0.3,0.3,0.3,0.3,0.4,0.4,0.5,0.6,0.6,0.7,0.7,0.6,0.6,0.6,0.5,0.4,0.4,0.2,0,0,0,0,0,0,0.4,0.3,0.3,0.3,0.2,0.3,0.4,0.5,0.5,0.5,0.5,0.5,0.5,0.5,0.4,0.4,0.3,0.2,0,0,0,0,0,0,0.4,0.4,0.3,0.2,0,0.2,0.3,0.3,0.4,0.4,0.4,0.4,0.4,0.4,0.4,0.3,0.3,0.2,0,0,0,0,0,0,0.4,0.4,0.3,0.3,0.2,0.2,0.2,0.2,0.2,0.2,0.2,0.2,0.2,0.2,0.2,0.3,0.3,0.2,0.2,0.1,0,0,0,0,0.4,0.4,0.4,0.3,0.3,0.2,0,0,0,0,0,0,0,0,0,0.2,0.3,0.3,0.3,0.2,0,0,0,0,0.2,0.2,0.2,0.2,0.2,0.1,0,0,0,0,0,0,0,0,0,0.2,0.3,0.3,0.3,0.2,0,0,0,0,0,0,0,0,0,0,0,0,0,0,0,0,0,0,0,0.2,0.3,0.3,0.3,0.2,0,0,0,0,0,0,0,0,0,0,0,0,0,0,0,0,0,0,0,0.2,0.3,0.3,0.2,0.1,0,0,0,0,0,0,0,0,0,0,0,0,0,0,0,0,0,0,0,0.2,0.3,0.2,0,0,0,0,0,0,0,0,0,0,0,0,0,0,0,0,0,0,0,0,0,0.1,0.2,0.1,0,0,0,0,0,0,0,0,0,0,0,0,0,0,0,0,0,0,0,0,0,0,0,0,0,0,0,0,0,0,0,0,0,0,0,0,0,0,0,0,0,0,0,0,0,0,0,0,0,0,0,0,0,0,0,0,0,0,0,0,0,0,0,0,0,0,0,0,0,0,0,0,0,0,0,0,0,0,0,0,0,0,0,0,0,0,0,0,0,0,0,0,0,0,0,0,0,0,0,0,0,0,0,0,0,0,0,0,0,0,0,0,0,0,0,0,0,0,0,0,0,0,0,0,0,0,0,0,0,0,0,0,0,0,0,0,0,0,0,0,0,0,0,0,0,0,0,0,0,0,0,0,0,0,0,0,0,0,0,0,0,0,0,0,0,0,0,0,0,0,0,0,0,0,0,0,0,0,0,0,0,0,0,0,0,0,0,0,0,0,0,0,0,0,0,0,0,0,0,0,0,0,0,0,0,0,0,0,0,0,0,0,0,0,0,0,0,0,0,0,0,0,0,0,0,0,0,0,0,0,0,0,0,0,0,0,0,0,0,0,0,0,0,0,0,0,0,0,0,0,0,0,0,0,0,0,0,0,0,0,0,0,0,0,0,0,0,0,0,0,0,0,0,0,0,0,0,0,0,0,0,0,0,0,0,0,0,0,0,0,0,0,0,0,0,0,0,0,0,0,0,0,0,0,0,0,0,0,0,0,0,0,0,0,0,0,0,0,0,0,0,0,0,0,0,0,0,0,0,0,0,0,0,0,0,0,0,0,0,0,0,0,0,0,0,0,0,0,0,0,0,0,0,0,0,0,0,0,0,0,0,0,0,0,0,0,0,0,0,0,0,0,0,0,0,0,0,0,0,0,0,0,0,0,0,0,0,0,0,0,0,0,0,0,0,0,0,0,0,0,0,0,0,0,0,0,0,0,0,0,0,0,0,0,0,0,0,0,0,0,0,0,0,0,0,0,0,0,0,0,0,0,0,0,0,0.1,0.2,0.2,0,0,0,0,0,0,0,0,0,0,0,0,0,0,0,0,0,0,0,0,0,0.2,0.3,0.3,0.2,0.2,0.2,0.1,0,0,0,0,0,0,0,0,0,0,0,0,0,0,0,0,0,0.2,0.3,0.3,0.4,0.4,0.3,0.2,0,0,0,0,0,0,0,0,0,0,0,0,0,0,0,0,0,0.2,0.3,0.3,0.5,0.4,0.4,0.2,0,0,0,0,0,0,0,0,0,0,0,0,0,0,0,0,0,0.2,0.3,0.3,0.6,0.5,0.4,0.2,0,0,0,0,0,0,0,0,0,0,0,0,0,0,0,0,0,0.2,0.3,0.3,0.5,0.5,0.4,0.3,0.2,0.1,0,0,0,0,0,0,0,0,0,0,0,0,0,0,0,0.2,0.3,0.3,0.5,0.5,0.4,0.4,0.3,0.2,0,0,0,0,0,0,0,0,0,0,0,0,0,0,0,0.2,0.4,0.4,0.5,0.4,0.4,0.4,0.3,0.3,0.2,0.2,0.2,0.2,0.2,0.1,0,0,0,0,0,0,0,0,0,0.2,0.3,0.3,0.4,0.4,0.4,0.4,0.4,0.4,0.4,0.4,0.4,0.4,0.4,0.2,0,0,0,0,0,0,0,0,0,0.2,0.3,0.3,0.4,0.4,0.4,0.4,0.4,0.4,0.4,0.5,0.5,0.4,0.4,0.3,0.2,0.1,0,0,0,0,0,0,0,0.1,0.2,0.2,0.4,0.4,0.3,0.4,0.4,0.4,0.5,0.5,0.5,0.5,0.4,0.4,0.3,0.2,0,0,0,0,0,0,0,0,0,0,0.4,0.4,0.3,0.4,0.4,0.4,0.5,0.5,0.5,0.5,0.4,0.4,0.3,0.2,0,0,0,0,0,0,0,0,0,0]",418,27.4,37.01%,0.0100,0.0253
1785909058033,2.988,0.9,"(11, 8)",0.4,665.625,"[0,0,0,0.4,0.3,0.3,0.2,0,0,0,0,0,0.2,0.3,0.3,0.4,0.4,0.5,0.5,0.6,0.6,0,0,0,0,0,0,0.2,0.2,0.2,0.1,0,0,0,0,0,0.1,0.2,0.2,0.2,0.3,0.4,0.5,0.6,0.6,0,0,0,0,0,0,0,0,0,0,0,0,0,0,0,0,0,0,0,0.2,0.4,0.5,0.6,0.6,0,0,0,0,0,0,0,0,0,0,0,0,0,0,0,0,0,0,0,0.2,0.4,0.4,0.5,0.5,0,0,0,0,0,0,0,0,0,0,0,0,0,0,0,0,0,0,0,0.2,0.3,0.4,0.4,0.4,0,0,0,0,0,0,0,0,0,0,0,0,0,0,0,0,0,0,0,0.1,0.2,0.3,0.4,0.4,0,0,0,0,0,0,0,0,0,0,0,0,0,0,0,0,0,0,0,0,0,0.2,0.3,0.3,0,0,0,0,0,0,0.2,0.2,0.2,0.2,0.2,0.2,0.2,0.2,0.2,0.1,0,0,0,0,0,0.2,0.4,0.4,0,0,0,0,0,0,0.4,0.4,0.5,0.5,0.5,0.4,0.4,0.4,0.3,0.2,0,0,0,0,0,0.2,0.4,0.4,0,0,0,0,0,0,0.5,0.6,0.6,0.6,0.6,0.6,0.5,0.5,0.4,0.3,0.2,0.2,0.2,0.2,0.2,0.3,0.4,0.4,0,0,0,0,0,0,0.2,0.4,0.5,0.7,0.7,0.8,0.8,0.8,0.7,0.7,0.6,0.6,0.5,0.4,0.4,0.4,0.4,0.4,0.4,0.5,0.5,0,0.1,0.2,0.3,0.4,0.6,0.7,0.8,0.9,0.9,0.9,0.8,0.7,0.7,0.6,0.5,0.5,0.4,0.4,0.4,0.4,0.4,0.5,0.5,0,0.2,0.3,0.4,0.5,0.6,0.7,0.8,0.9,0.9,0.9,0.8,0.8,0.7,0.6,0.6,0.5,0.4,0.4,0.4,0.4,0.4,0.4,0.4,0.2,0.2,0.3,0.4,0.4,0.5,0.6,0.7,0.8,0.8,0.8,0.7,0.7,0.6,0.6,0.5,0.4,0.3,0.2,0.2,0.2,0.2,0.2,0.2,0.3,0.3,0.3,0.3,0.4,0.4,0.5,0.6,0.6,0.7,0.7,0.6,0.6,0.6,0.5,0.4,0.4,0.2,0,0,0,0,0,0,0.4,0.3,0.3,0.3,0.2,0.3,0.4,0.5,0.5,0.5,0.5,0.5,0.5,0.5,0.4,0.4,0.4,0.2,0,0,0,0,0,0,0.4,0.4,0.3,0.2,0,0.2,0.3,0.3,0.4,0.4,0.4,0.4,0.4,0.4,0.4,0.3,0.3,0.2,0,0,0,0,0,0,0.4,0.4,0.4,0.3,0.2,0.2,0.2,0.2,0.2,0.2,0.2,0.2,0.2,0.2,0.2,0.3,0.3,0.3,0.2,0.1,0,0,0,0,0.4,0.4,0.4,0.4,0.3,0.2,0,0,0,0,0,0,0,0,0,0.2,0.3,0.3,0.3,0.2,0,0,0,0,0.2,0.2,0.2,0.2,0.2,0.1,0,0,0,0,0,0,0,0,0,0.2,0.3,0.3,0.3,0.2,0,0,0,0,0,0,0,0,0,0,0,0,0,0,0,0,0,0,0,0.2,0.3,0.3,0.3,0.2,0,0,0,0,0,0,0,0,0,0,0,0,0,0,0,0,0,0,0,0.2,0.3,0.3,0.2,0.1,0,0,0,0,0,0,0,0,0,0,0,0,0,0,0,0,0,0,0,0.2,0.3,0.2,0,0,0,0,0,0,0,0,0,0,0,0,0,0,0,0,0,0,0,0,0,0.1,0.2,0.1,0,0,0,0,0,0,0,0,0,0,0,0,0,0,0,0,0,0,0,0,0,0,0,0,0,0,0,0,0,0,0,0,0,0,0,0,0,0,0,0,0,0,0,0,0,0,0,0,0,0,0,0,0,0,0,0,0,0,0,0,0,0,0,0,0,0,0,0,0,0,0,0,0,0,0,0,0,0,0,0,0,0,0,0,0,0,0,0,0,0,0,0,0,0,0,0,0,0,0,0,0,0,0,0,0,0,0,0,0,0,0,0,0,0,0,0,0,0,0,0,0,0,0,0,0,0,0,0,0,0,0,0,0,0,0,0,0,0,0,0,0,0,0,0,0,0,0,0,0,0,0,0,0,0,0,0,0,0,0,0,0,0,0,0,0,0,0,0,0,0,0,0,0,0,0,0,0,0,0,0,0,0,0,0,0,0,0,0,0,0,0,0,0,0,0,0,0,0,0,0,0,0,0,0,0,0,0,0,0,0,0,0,0,0,0,0,0,0,0,0,0,0,0,0,0,0,0,0,0,0,0,0,0,0,0,0,0,0,0,0,0,0,0,0,0,0,0,0,0,0,0,0,0,0,0,0,0,0,0,0,0,0,0,0,0,0,0,0,0,0,0,0,0,0,0,0,0,0,0,0,0,0,0,0,0,0,0,0,0,0,0,0,0,0,0,0,0,0,0,0,0,0,0,0,0,0,0,0,0,0,0,0,0,0,0,0,0,0,0,0,0,0,0,0,0,0,0,0,0,0,0,0,0,0,0,0,0,0,0,0,0,0,0,0,0,0,0,0,0,0,0,0,0,0,0,0,0,0,0,0,0,0,0,0,0,0,0,0,0,0,0,0,0,0,0,0,0,0,0,0,0,0,0,0,0,0,0,0,0,0,0,0,0,0,0,0,0,0,0,0,0,0,0,0,0,0,0,0,0,0,0,0,0,0,0,0,0,0,0,0,0,0,0,0,0,0,0,0,0,0,0,0,0,0,0,0.1,0.2,0.2,0,0,0,0,0,0,0,0,0,0,0,0,0,0,0,0,0,0,0,0,0,0.2,0.3,0.3,0.2,0.2,0.2,0.1,0,0,0,0,0,0,0,0,0,0,0,0,0,0,0,0,0,0.2,0.3,0.3,0.4,0.4,0.3,0.2,0,0,0,0,0,0,0,0,0,0,0,0,0,0,0,0,0,0.2,0.3,0.3,0.5,0.4,0.4,0.3,0.2,0.1,0,0,0,0,0,0,0,0,0,0,0,0,0,0,0,0.2,0.3,0.3,0.6,0.5,0.5,0.4,0.3,0.2,0,0,0,0,0,0,0,0,0,0,0,0,0,0,0,0.2,0.3,0.3,0.5,0.5,0.4,0.4,0.3,0.2,0,0,0,0,0,0,0,0,0,0,0,0,0,0,0,0.2,0.3,0.3,0.5,0.5,0.4,0.4,0.3,0.2,0,0,0,0,0,0,0,0,0,0,0,0,0,0,0,0.2,0.4,0.4,0.5,0.4,0.4,0.4,0.3,0.3,0.2,0.2,0.2,0.2,0.2,0.1,0,0,0,0,0,0,0,0,0,0.2,0.3,0.3,0.4,0.4,0.4,0.4,0.4,0.4,0.4,0.4,0.4,0.4,0.4,0.2,0,0,0,0,0,0,0,0,0,0.2,0.3,0.3,0.4,0.4,0.4,0.4,0.4,0.4,0.4,0.5,0.5,0.4,0.4,0.3,0.2,0.1,0,0,0,0,0,0,0,0.1,0.2,0.2,0.4,0.4,0.4,0.4,0.4,0.4,0.5,0.5,0.5,0.5,0.4,0.4,0.3,0.2,0,0,0,0,0,0,0,0,0,0,0.4,0.4,0.4,0.4,0.4,0.4,0.5,0.5,0.5,0.5,0.4,0.4,0.3,0.2,0,0,0,0,0,0,0,0,0,0]",426,28.7,37.23%,0.0099,0.0253
